cas,chemical_name,phase4_status,phase4_reason,merge_cluster_id,representative_cas,true_cameo_groups,group_names,in_426,in_259,n_gold_queries,n_queries_dropped_from_259,hit_rate_10_426,mean_rank_426,mrr_426,R_tier,E_score,has_own_s10_evidence,has_own_s2_content,C_scarce_in_259,scarce_groups_259,D_cluster_total_size,S_data_available,safety_flag,phase6_status,phase6_reason,scenario_selection_only,scenario_selection_plus_retrieval,scenario_retrieval_heavy,scenario_coverage_heavy,scenario_stable,scenario_retain_count
100-07-2,4-METHOXYBENZOYL CHLORIDE,REMOVE_CONFIRMED,"동일 그룹조합((7,)) 대표물질 103-80-0(PHASE3_KEEP_EMPIRICAL)이 이미 확정 KEEP — 제거해도 그룹/매트릭스 coverage 불변(수학적 보장), §10 실질근거도 없음",,103-80-0,7,"Acyl Halides, Sulfonyl Halides, and Chloroformates",True,False,40,10,1.0,1.62,0.7312,HIGH,1,False,True,False,,2,True,NOT_CHECKED,RETAIN_RETRIEVAL,426에서 자기 청크 hit_rate@10=1.0(n=40) — 실제 검색 기여 확인됨,0.38,0.67,0.83,0.33,False,2
3486-35-9,ZINC CARBONATE,REMOVE_CONFIRMED,"동일 그룹조합((21,)) 대표물질 1317-65-3(PHASE3_KEEP_EMPIRICAL)이 이미 확정 KEEP — 제거해도 그룹/매트릭스 coverage 불변(수학적 보장), §10 실질근거도 없음",,1317-65-3,21,Carbonate Salts,True,False,10,0,1.0,2.9,0.6517,HIGH,1,False,True,False,,2,True,NOT_CHECKED,RETAIN_RETRIEVAL,426에서 자기 청크 hit_rate@10=1.0(n=10) — 실제 검색 기여 확인됨,0.38,0.67,0.83,0.33,False,2
10031-87-5,2-ETHYLBUTYL ACETATE,REMOVE_CONFIRMED,"동일 그룹조합((27,)) 대표물질 103-23-1(PHASE3_KEEP_EMPIRICAL)이 이미 확정 KEEP — 제거해도 그룹/매트릭스 coverage 불변(수학적 보장), §10 실질근거도 없음",,103-23-1,27,"Esters, Sulfate Esters, Phosphate Esters, Thiophosphate Esters, and Borate Esters",True,False,60,20,1.0,2.38,0.6248,HIGH,1,False,True,False,,2,True,NOT_CHECKED,RETAIN_RETRIEVAL,426에서 자기 청크 hit_rate@10=1.0(n=60) — 실제 검색 기여 확인됨,0.38,0.67,0.83,0.33,False,2
102-16-9,BENZYL PHENYLACETATE,REMOVE_CONFIRMED,"동일 그룹조합((27,)) 대표물질 103-23-1(PHASE3_KEEP_EMPIRICAL)이 이미 확정 KEEP — 제거해도 그룹/매트릭스 coverage 불변(수학적 보장), §10 실질근거도 없음",,103-23-1,27,"Esters, Sulfate Esters, Phosphate Esters, Thiophosphate Esters, and Borate Esters",True,False,20,0,1.0,1.9,0.6542,HIGH,1,False,True,False,,2,True,NOT_CHECKED,RETAIN_RETRIEVAL,426에서 자기 청크 hit_rate@10=1.0(n=20) — 실제 검색 기여 확인됨,0.38,0.67,0.83,0.33,False,2
103-09-3,ETHYLHEXYL ACETATE,REMOVE_CONFIRMED,"동일 그룹조합((27,)) 대표물질 103-23-1(PHASE3_KEEP_EMPIRICAL)이 이미 확정 KEEP — 제거해도 그룹/매트릭스 coverage 불변(수학적 보장), §10 실질근거도 없음",,103-23-1,27,"Esters, Sulfate Esters, Phosphate Esters, Thiophosphate Esters, and Borate Esters",True,False,50,20,0.96,4.76,0.3199,HIGH,1,False,True,False,,2,True,NOT_CHECKED,RETAIN_RETRIEVAL,426에서 자기 청크 hit_rate@10=0.96(n=50) — 실제 검색 기여 확인됨,0.38,0.67,0.83,0.33,False,2
107-81-3,2-BROMOPENTANE,REMOVE_CONFIRMED,"동일 그룹조합((31,)) 대표물질 107-04-0(PHASE3_KEEP_EMPIRICAL)이 이미 확정 KEEP — 제거해도 그룹/매트릭스 coverage 불변(수학적 보장), §10 실질근거도 없음",,107-04-0,31,Halogenated Organic Compounds,True,False,30,20,0.9667,2.97,0.4467,HIGH,1,False,True,False,,2,True,NOT_CHECKED,RETAIN_RETRIEVAL,426에서 자기 청크 hit_rate@10=0.9667(n=30) — 실제 검색 기여 확인됨,0.38,0.67,0.83,0.33,False,2
1338-02-9,COPPER NAPHTHENATE,REMOVE_CONFIRMED,"동일 그룹조합((33, 61)) 대표물질 151-21-3(PHASE3_KEEP_EMPIRICAL)이 이미 확정 KEEP — 제거해도 그룹/매트릭스 coverage 불변(수학적 보장), §10 실질근거도 없음",,151-21-3,33;61,"Hydrocarbons, Aliphatic Saturated;Salts, Basic",True,False,20,10,0.95,3.7,0.4158,HIGH,1,False,True,False,,2,True,NOT_CHECKED,RETAIN_RETRIEVAL,426에서 자기 청크 hit_rate@10=0.95(n=20) — 실제 검색 기여 확인됨,0.38,0.67,0.83,0.33,False,2
110-13-4,"2,5-HEXANEDIONE",REMOVE_CONFIRMED,"동일 그룹조합((38,)) 대표물질 106-51-4(PHASE3_KEEP_EMPIRICAL)이 이미 확정 KEEP — 제거해도 그룹/매트릭스 coverage 불변(수학적 보장), §10 실질근거도 없음",,106-51-4,38,Ketones,True,False,60,20,0.6333,7.72,0.1948,MEDIUM,1,False,True,False,,2,True,NOT_CHECKED,REVIEW,retrieval 근거 애매(MEDIUM),0.38,0.55,0.59,0.29,False,2
7440-09-7,POTASSIUM,REMOVE_CONFIRMED,"동일 그룹조합((40,)) 대표물질 7439-93-2(PHASE3_KEEP_EMPIRICAL)이 이미 확정 KEEP — 제거해도 그룹/매트릭스 coverage 불변(수학적 보장), §10 실질근거도 없음",,7439-93-2,40,"Metals, Alkali, Very Active",True,False,0,0,,,,NO_DATA,1,False,True,True,40,2,True,NOT_CHECKED,RETAIN_COVERAGE,259 기준 재계산 시 소속 그룹(40)이 신규로 대표물질 <=2종(누적 제거 효과) — 개별판단이 놓친 부분,0.78,0.66,0.51,0.86,True,4
10124-48-8,MERCURY AMMONIUM CHLORIDE,REMOVE_CONFIRMED,"동일 그룹조합((42, 47)) 대표물질 10112-91-1(PHASE3_KEEP_EMPIRICAL)이 이미 확정 KEEP — 제거해도 그룹/매트릭스 coverage 불변(수학적 보장), §10 실질근거도 없음",,10112-91-1,42;47,"Metals, Less Reactive agents;Non-Redox-Active Inorganic Compounds",True,False,30,0,1.0,2.3,0.6937,HIGH,1,False,True,False,,2,True,NOT_CHECKED,RETAIN_RETRIEVAL,426에서 자기 청크 hit_rate@10=1.0(n=30) — 실제 검색 기여 확인됨,0.38,0.67,0.83,0.33,False,2
10294-26-5,SILVER SULFATE,REMOVE_CONFIRMED,"동일 그룹조합((42, 47)) 대표물질 10112-91-1(PHASE3_KEEP_EMPIRICAL)이 이미 확정 KEEP — 제거해도 그룹/매트릭스 coverage 불변(수학적 보장), §10 실질근거도 없음",,10112-91-1,42;47,"Metals, Less Reactive agents;Non-Redox-Active Inorganic Compounds",True,False,20,0,0.9,4.5,0.4497,HIGH,1,False,True,False,,2,True,NOT_CHECKED,RETAIN_RETRIEVAL,426에서 자기 청크 hit_rate@10=0.9(n=20) — 실제 검색 기여 확인됨,0.38,0.67,0.83,0.33,False,2
1304-82-1,BISMUTH TELLURIDE,REMOVE_CONFIRMED,"동일 그룹조합((42,)) 대표물질 7439-92-1(PHASE3_KEEP_EMPIRICAL)이 이미 확정 KEEP — 제거해도 그룹/매트릭스 coverage 불변(수학적 보장), §10 실질근거도 없음",,7439-92-1,42,"Metals, Less Reactive agents",True,False,50,20,0.98,3.6,0.4365,HIGH,0,False,False,False,,2,True,NOT_CHECKED,RETAIN_RETRIEVAL,426에서 자기 청크 hit_rate@10=0.98(n=50) — 실제 검색 기여 확인됨,0.18,0.57,0.78,0.28,False,2
1002-89-7,AMMONIUM STEARATE,REMOVE_CONFIRMED,"동일 그룹조합((47,)) 대표물질 10361-37-2(PHASE1_KEEP_MANDATORY)이 이미 확정 KEEP — 제거해도 그룹/매트릭스 coverage 불변(수학적 보장), §10 실질근거도 없음",,10361-37-2,47,Non-Redox-Active Inorganic Compounds,True,False,70,20,1.0,1.6,0.7345,HIGH,1,False,True,False,,2,True,NOT_CHECKED,RETAIN_RETRIEVAL,426에서 자기 청크 hit_rate@10=1.0(n=70) — 실제 검색 기여 확인됨,0.38,0.67,0.83,0.33,False,2
10025-73-7,CHROMIC CHLORIDE,REMOVE_CONFIRMED,"동일 그룹조합((47,)) 대표물질 10361-37-2(PHASE1_KEEP_MANDATORY)이 이미 확정 KEEP — 제거해도 그룹/매트릭스 coverage 불변(수학적 보장), §10 실질근거도 없음",,10361-37-2,47,Non-Redox-Active Inorganic Compounds,True,False,30,0,0.9667,3.93,0.2823,HIGH,1,False,True,False,,2,True,NOT_CHECKED,RETAIN_RETRIEVAL,426에서 자기 청크 hit_rate@10=0.9667(n=30) — 실제 검색 기여 확인됨,0.38,0.67,0.83,0.33,False,2
10101-63-0,LEAD IODIDE,REMOVE_CONFIRMED,"동일 그룹조합((47,)) 대표물질 10361-37-2(PHASE1_KEEP_MANDATORY)이 이미 확정 KEEP — 제거해도 그룹/매트릭스 coverage 불변(수학적 보장), §10 실질근거도 없음",,10361-37-2,47,Non-Redox-Active Inorganic Compounds,True,False,30,0,0.9333,4.07,0.509,HIGH,1,False,True,False,,2,True,NOT_CHECKED,RETAIN_RETRIEVAL,426에서 자기 청크 hit_rate@10=0.9333(n=30) — 실제 검색 기여 확인됨,0.38,0.67,0.83,0.33,False,2
10102-50-8,FERROUS ARSENATE,REMOVE_CONFIRMED,"동일 그룹조합((47,)) 대표물질 10361-37-2(PHASE1_KEEP_MANDATORY)이 이미 확정 KEEP — 제거해도 그룹/매트릭스 coverage 불변(수학적 보장), §10 실질근거도 없음",,10361-37-2,47,Non-Redox-Active Inorganic Compounds,True,False,10,10,1.0,3.3,0.325,HIGH,1,False,True,False,,2,True,NOT_CHECKED,RETAIN_RETRIEVAL,426에서 자기 청크 hit_rate@10=1.0(n=10) — 실제 검색 기여 확인됨,0.38,0.67,0.83,0.33,False,2
10034-82-9,SODIUM CHROMATE TETRAHYDRATE,REMOVE_CONFIRMED,"동일 그룹조합((50, 61)) 대표물질 14018-95-2(PHASE3_KEEP_EMPIRICAL)이 이미 확정 KEEP — 제거해도 그룹/매트릭스 coverage 불변(수학적 보장), §10 실질근거도 없음",,14018-95-2,50;61,"Oxidizing Agents, Strong;Salts, Basic",True,False,30,10,1.0,1.83,0.7181,HIGH,1,False,True,False,,2,True,NOT_CHECKED,RETAIN_RETRIEVAL,426에서 자기 청크 hit_rate@10=1.0(n=30) — 실제 검색 기여 확인됨,0.38,0.67,0.83,0.33,False,2
10048-95-0,SODIUM ARSENATE HEPTAHYDRATE,REMOVE_CONFIRMED,"동일 그룹조합((51, 61)) 대표물질 13718-26-8(PHASE3_KEEP_EMPIRICAL)이 이미 확정 KEEP — 제거해도 그룹/매트릭스 coverage 불변(수학적 보장), §10 실질근거도 없음",,13718-26-8,51;61,"Oxidizing Agents, Weak;Salts, Basic",True,False,70,30,1.0,1.81,0.6845,HIGH,1,False,True,False,,2,True,NOT_CHECKED,RETAIN_RETRIEVAL,426에서 자기 청크 hit_rate@10=1.0(n=70) — 실제 검색 기여 확인됨,0.38,0.67,0.83,0.33,False,2
10102-49-5,FERRIC ARSENATE,REMOVE_CONFIRMED,"동일 그룹조합((51, 61)) 대표물질 13718-26-8(PHASE3_KEEP_EMPIRICAL)이 이미 확정 KEEP — 제거해도 그룹/매트릭스 coverage 불변(수학적 보장), §10 실질근거도 없음",,13718-26-8,51;61,"Oxidizing Agents, Weak;Salts, Basic",True,False,50,10,0.9,3.44,0.4962,HIGH,1,False,True,False,,2,True,NOT_CHECKED,RETAIN_RETRIEVAL,426에서 자기 청크 hit_rate@10=0.9(n=50) — 실제 검색 기여 확인됨,0.38,0.67,0.83,0.33,False,2
101-02-0,TRIPHENYL PHOSPHITE,REMOVE_CONFIRMED,"동일 그룹조합((59, 66)) 대표물질 301-13-3(PHASE3_KEEP_EMPIRICAL)이 이미 확정 KEEP — 제거해도 그룹/매트릭스 coverage 불변(수학적 보장), §10 실질근거도 없음",,301-13-3,59;66,"Reducing Agents, Weak;Sulfonates, Phosphonates, and Thiophosphonates, Organic",True,False,20,10,0.95,2.9,0.6506,HIGH,1,False,True,False,,2,True,NOT_CHECKED,RETAIN_RETRIEVAL,426에서 자기 청크 hit_rate@10=0.95(n=20) — 실제 검색 기여 확인됨,0.38,0.67,0.83,0.33,False,2
10102-20-2,SODIUM TELLURITE,REMOVE_CONFIRMED,"동일 그룹조합((59, 61)) 대표물질 10026-17-2(PHASE3_KEEP_EMPIRICAL)이 이미 확정 KEEP — 제거해도 그룹/매트릭스 coverage 불변(수학적 보장), §10 실질근거도 없음",,10026-17-2,59;61,"Reducing Agents, Weak;Salts, Basic",True,False,70,10,1.0,1.56,0.7357,HIGH,1,False,True,False,,2,True,NOT_CHECKED,RETAIN_RETRIEVAL,426에서 자기 청크 hit_rate@10=1.0(n=70) — 실제 검색 기여 확인됨,0.38,0.67,0.83,0.33,False,2
10431-47-7,POTASSIUM SELENITE,REMOVE_CONFIRMED,"동일 그룹조합((65,)) 대표물질 13718-59-7(PHASE3_KEEP_EMPIRICAL)이 이미 확정 KEEP — 제거해도 그룹/매트릭스 coverage 불변(수학적 보장), §10 실질근거도 없음",,13718-59-7,65,Sulfite and Thiosulfate Salts,True,False,0,0,,,,NO_DATA,1,False,True,False,,2,True,NOT_CHECKED,REVIEW,gold_pair.jsonl에 이 물질 관련 질의가 전혀 없어 retrieval 근거 자체가 없음(불확실 — 강제판정 안 함),0.38,0.46,0.41,0.26,True,0
7440-23-5,SODIUM,REMOVE_CONFIRMED,"동일 그룹조합((40,)) 대표물질 7439-93-2(PHASE3_KEEP_EMPIRICAL)이 이미 확정 KEEP — 제거해도 그룹/매트릭스 coverage 불변(수학적 보장), §10 실질근거도 없음",,7439-93-2,40,"Metals, Alkali, Very Active",True,False,0,0,,,,NO_DATA,1,False,True,True,40,2,True,NOT_CHECKED,RETAIN_COVERAGE,259 기준 재계산 시 소속 그룹(40)이 신규로 대표물질 <=2종(누적 제거 효과) — 개별판단이 놓친 부분,0.78,0.66,0.51,0.86,True,4
7440-43-9,CADMIUM,REMOVE_CONFIRMED,"동일 그룹조합((41,)) 대표물질 7440-47-3(PHASE3_KEEP_EMPIRICAL)이 이미 확정 KEEP — 제거해도 그룹/매트릭스 coverage 불변(수학적 보장), §10 실질근거도 없음",,7440-47-3,41,"Metals, Elemental and Powder, Active",True,False,0,0,,,,NO_DATA,1,False,True,False,,2,True,NOT_CHECKED,REVIEW,gold_pair.jsonl에 이 물질 관련 질의가 전혀 없어 retrieval 근거 자체가 없음(불확실 — 강제판정 안 함),0.38,0.46,0.41,0.26,True,0
7440-62-2,VANADIUM (FUME OR DUST),REMOVE_CONFIRMED,"동일 그룹조합((41,)) 대표물질 7440-47-3(PHASE3_KEEP_EMPIRICAL)이 이미 확정 KEEP — 제거해도 그룹/매트릭스 coverage 불변(수학적 보장), §10 실질근거도 없음",,7440-47-3,41,"Metals, Elemental and Powder, Active",True,False,0,0,,,,NO_DATA,1,False,True,False,,2,True,NOT_CHECKED,REVIEW,gold_pair.jsonl에 이 물질 관련 질의가 전혀 없어 retrieval 근거 자체가 없음(불확실 — 강제판정 안 함),0.38,0.46,0.41,0.26,True,0
7782-49-2,SELENIUM POWDER,REMOVE_CONFIRMED,"동일 그룹조합((41,)) 대표물질 7440-47-3(PHASE3_KEEP_EMPIRICAL)이 이미 확정 KEEP — 제거해도 그룹/매트릭스 coverage 불변(수학적 보장), §10 실질근거도 없음",,7440-47-3,41,"Metals, Elemental and Powder, Active",True,False,0,0,,,,NO_DATA,1,False,True,False,,2,True,NOT_CHECKED,REVIEW,gold_pair.jsonl에 이 물질 관련 질의가 전혀 없어 retrieval 근거 자체가 없음(불확실 — 강제판정 안 함),0.38,0.46,0.41,0.26,True,0
13494-80-9,TELLURIUM,REMOVE_CONFIRMED,"동일 그룹조합((42,)) 대표물질 7439-92-1(PHASE3_KEEP_EMPIRICAL)이 이미 확정 KEEP — 제거해도 그룹/매트릭스 coverage 불변(수학적 보장), §10 실질근거도 없음",,7439-92-1,42,"Metals, Less Reactive agents",True,False,0,0,,,,NO_DATA,1,False,True,False,,2,True,NOT_CHECKED,REVIEW,gold_pair.jsonl에 이 물질 관련 질의가 전혀 없어 retrieval 근거 자체가 없음(불확실 — 강제판정 안 함),0.38,0.46,0.41,0.26,True,0
7440-28-0,THALLIUM,REMOVE_CONFIRMED,"동일 그룹조합((42,)) 대표물질 7439-92-1(PHASE3_KEEP_EMPIRICAL)이 이미 확정 KEEP — 제거해도 그룹/매트릭스 coverage 불변(수학적 보장), §10 실질근거도 없음",,7439-92-1,42,"Metals, Less Reactive agents",True,False,0,0,,,,NO_DATA,1,False,True,False,,2,True,NOT_CHECKED,REVIEW,gold_pair.jsonl에 이 물질 관련 질의가 전혀 없어 retrieval 근거 자체가 없음(불확실 — 강제판정 안 함),0.38,0.46,0.41,0.26,True,0
7440-38-2,ARSENIC,REMOVE_CONFIRMED,"동일 그룹조합((42,)) 대표물질 7439-92-1(PHASE3_KEEP_EMPIRICAL)이 이미 확정 KEEP — 제거해도 그룹/매트릭스 coverage 불변(수학적 보장), §10 실질근거도 없음",,7439-92-1,42,"Metals, Less Reactive agents",True,False,0,0,,,,NO_DATA,1,False,True,False,,2,True,NOT_CHECKED,REVIEW,gold_pair.jsonl에 이 물질 관련 질의가 전혀 없어 retrieval 근거 자체가 없음(불확실 — 강제판정 안 함),0.38,0.46,0.41,0.26,True,0
7440-55-3,GALLIUM,REMOVE_CONFIRMED,"동일 그룹조합((42,)) 대표물질 7439-92-1(PHASE3_KEEP_EMPIRICAL)이 이미 확정 KEEP — 제거해도 그룹/매트릭스 coverage 불변(수학적 보장), §10 실질근거도 없음",,7439-92-1,42,"Metals, Less Reactive agents",True,False,0,0,,,,NO_DATA,1,False,True,False,,2,True,NOT_CHECKED,REVIEW,gold_pair.jsonl에 이 물질 관련 질의가 전혀 없어 retrieval 근거 자체가 없음(불확실 — 강제판정 안 함),0.38,0.46,0.41,0.26,True,0
7783-33-7,"MERCURIC POTASSIUM IODIDE, [SOLID]",REMOVE_CONFIRMED,"동일 그룹조합((42, 60)) 대표물질 7487-94-7(PHASE3_KEEP_EMPIRICAL)이 이미 확정 KEEP — 제거해도 그룹/매트릭스 coverage 불변(수학적 보장), §10 실질근거도 없음",,7487-94-7,42;60,"Metals, Less Reactive agents;Salts, Acidic",True,False,0,0,,,,NO_DATA,1,False,True,False,,2,True,NOT_CHECKED,REVIEW,gold_pair.jsonl에 이 물질 관련 질의가 전혀 없어 retrieval 근거 자체가 없음(불확실 — 강제판정 안 함),0.38,0.46,0.41,0.26,True,0
7783-35-9,MERCURIC SULFATE,REMOVE_CONFIRMED,"동일 그룹조합((42, 60)) 대표물질 7487-94-7(PHASE3_KEEP_EMPIRICAL)이 이미 확정 KEEP — 제거해도 그룹/매트릭스 coverage 불변(수학적 보장), §10 실질근거도 없음",,7487-94-7,42;60,"Metals, Less Reactive agents;Salts, Acidic",True,False,0,0,,,,NO_DATA,1,False,True,False,,2,True,NOT_CHECKED,REVIEW,gold_pair.jsonl에 이 물질 관련 질의가 전혀 없어 retrieval 근거 자체가 없음(불확실 — 강제판정 안 함),0.38,0.46,0.41,0.26,True,0
7783-36-0,MERCUROUS SULFATE,REMOVE_CONFIRMED,"동일 그룹조합((42, 60)) 대표물질 7487-94-7(PHASE3_KEEP_EMPIRICAL)이 이미 확정 KEEP — 제거해도 그룹/매트릭스 coverage 불변(수학적 보장), §10 실질근거도 없음",,7487-94-7,42;60,"Metals, Less Reactive agents;Salts, Acidic",True,False,0,0,,,,NO_DATA,1,False,True,False,,2,True,NOT_CHECKED,REVIEW,gold_pair.jsonl에 이 물질 관련 질의가 전혀 없어 retrieval 근거 자체가 없음(불확실 — 강제판정 안 함),0.38,0.46,0.41,0.26,True,0
10326-21-3,MAGNESIUM CHLORATE,REMOVE_CONFIRMED,"동일 그룹조합((50,)) 대표물질 20816-12-0(PHASE3_KEEP_EMPIRICAL)이 이미 확정 KEEP — 제거해도 그룹/매트릭스 coverage 불변(수학적 보장), §10 실질근거도 없음",,20816-12-0,50,"Oxidizing Agents, Strong",True,False,0,0,,,,NO_DATA,1,False,True,False,,2,True,NOT_CHECKED,REVIEW,gold_pair.jsonl에 이 물질 관련 질의가 전혀 없어 retrieval 근거 자체가 없음(불확실 — 강제판정 안 함),0.38,0.46,0.41,0.26,True,0
10361-95-2,ZINC CHLORATE,REMOVE_CONFIRMED,"동일 그룹조합((50,)) 대표물질 20816-12-0(PHASE3_KEEP_EMPIRICAL)이 이미 확정 KEEP — 제거해도 그룹/매트릭스 coverage 불변(수학적 보장), §10 실질근거도 없음",,20816-12-0,50,"Oxidizing Agents, Strong",True,False,0,0,,,,NO_DATA,1,False,True,False,,2,True,NOT_CHECKED,REVIEW,gold_pair.jsonl에 이 물질 관련 질의가 전혀 없어 retrieval 근거 자체가 없음(불확실 — 강제판정 안 함),0.38,0.46,0.41,0.26,True,0
1313-60-6,SODIUM PEROXIDE,REMOVE_CONFIRMED,"동일 그룹조합((18, 50)) 대표물질 17014-71-0(PHASE3_KEEP_EMPIRICAL)이 이미 확정 KEEP — 제거해도 그룹/매트릭스 coverage 불변(수학적 보장), §10 실질근거도 없음",,17014-71-0,18;50,"Bases, Strong;Oxidizing Agents, Strong",True,False,0,0,,,,NO_DATA,1,False,True,False,,2,True,NOT_CHECKED,REVIEW,gold_pair.jsonl에 이 물질 관련 질의가 전혀 없어 retrieval 근거 자체가 없음(불확실 — 강제판정 안 함),0.38,0.46,0.41,0.26,True,0
1314-62-1,VANADIUM PENTOXIDE,REMOVE_CONFIRMED,"동일 그룹조합((50, 60)) 대표물질 13446-10-1(PHASE3_KEEP_EMPIRICAL)이 이미 확정 KEEP — 제거해도 그룹/매트릭스 coverage 불변(수학적 보장), §10 실질근거도 없음",,13446-10-1,50;60,"Oxidizing Agents, Strong;Salts, Acidic",True,False,0,0,,,,NO_DATA,1,False,True,False,,2,True,NOT_CHECKED,REVIEW,gold_pair.jsonl에 이 물질 관련 질의가 전혀 없어 retrieval 근거 자체가 없음(불확실 — 강제판정 안 함),0.38,0.46,0.41,0.26,True,0
13530-65-9,ZINC CHROMATE,REMOVE_CONFIRMED,"동일 그룹조합((50, 61)) 대표물질 14018-95-2(PHASE3_KEEP_EMPIRICAL)이 이미 확정 KEEP — 제거해도 그룹/매트릭스 coverage 불변(수학적 보장), §10 실질근거도 없음",,14018-95-2,50;61,"Oxidizing Agents, Strong;Salts, Basic",True,False,0,0,,,,NO_DATA,1,False,True,False,,2,True,NOT_CHECKED,REVIEW,gold_pair.jsonl에 이 물질 관련 질의가 전혀 없어 retrieval 근거 자체가 없음(불확실 — 강제판정 안 함),0.38,0.46,0.41,0.26,True,0
13765-19-0,CALCIUM CHROMATE,REMOVE_CONFIRMED,"동일 그룹조합((50, 61)) 대표물질 14018-95-2(PHASE3_KEEP_EMPIRICAL)이 이미 확정 KEEP — 제거해도 그룹/매트릭스 coverage 불변(수학적 보장), §10 실질근거도 없음",,14018-95-2,50;61,"Oxidizing Agents, Strong;Salts, Basic",True,False,0,0,,,,NO_DATA,1,False,True,False,,2,True,NOT_CHECKED,REVIEW,gold_pair.jsonl에 이 물질 관련 질의가 전혀 없어 retrieval 근거 자체가 없음(불확실 — 강제판정 안 함),0.38,0.46,0.41,0.26,True,0
14519-07-4,ZINC BROMATE,REMOVE_CONFIRMED,"동일 그룹조합((50,)) 대표물질 20816-12-0(PHASE3_KEEP_EMPIRICAL)이 이미 확정 KEEP — 제거해도 그룹/매트릭스 coverage 불변(수학적 보장), §10 실질근거도 없음",,20816-12-0,50,"Oxidizing Agents, Strong",True,False,0,0,,,,NO_DATA,1,False,True,False,,2,True,NOT_CHECKED,REVIEW,gold_pair.jsonl에 이 물질 관련 질의가 전혀 없어 retrieval 근거 자체가 없음(불확실 — 강제판정 안 함),0.38,0.46,0.41,0.26,True,0
23414-72-4,ZINC PERMANGANATE,REMOVE_CONFIRMED,"동일 그룹조합((50,)) 대표물질 20816-12-0(PHASE3_KEEP_EMPIRICAL)이 이미 확정 KEEP — 제거해도 그룹/매트릭스 coverage 불변(수학적 보장), §10 실질근거도 없음",,20816-12-0,50,"Oxidizing Agents, Strong",True,False,0,0,,,,NO_DATA,1,False,True,False,,2,True,NOT_CHECKED,REVIEW,gold_pair.jsonl에 이 물질 관련 질의가 전혀 없어 retrieval 근거 자체가 없음(불확실 — 강제판정 안 함),0.38,0.46,0.41,0.26,True,0
2893-78-9,SODIUM DICHLORO-S-TRIAZINETRIONE,REMOVE_CONFIRMED,"동일 그룹조합((7, 32, 50, 60)) 대표물질 2244-21-5(PHASE3_KEEP_EMPIRICAL)이 이미 확정 KEEP — 제거해도 그룹/매트릭스 coverage 불변(수학적 보장), §10 실질근거도 없음",,2244-21-5,7;32;50;60,"Acyl Halides, Sulfonyl Halides, and Chloroformates;Halogenating Agents;Oxidizing Agents, Strong;Salts, Acidic",True,False,0,0,,,,NO_DATA,1,False,True,False,,2,True,NOT_CHECKED,REVIEW,gold_pair.jsonl에 이 물질 관련 질의가 전혀 없어 retrieval 근거 자체가 없음(불확실 — 강제판정 안 함),0.38,0.46,0.41,0.26,True,0
507-40-4,TERT-BUTYL HYPOCHLORITE,REMOVE_CONFIRMED,"동일 그룹조합((50,)) 대표물질 20816-12-0(PHASE3_KEEP_EMPIRICAL)이 이미 확정 KEEP — 제거해도 그룹/매트릭스 coverage 불변(수학적 보장), §10 실질근거도 없음",,20816-12-0,50,"Oxidizing Agents, Strong",True,False,0,0,,,,NO_DATA,1,False,True,False,,2,True,NOT_CHECKED,REVIEW,gold_pair.jsonl에 이 물질 관련 질의가 전혀 없어 retrieval 근거 자체가 없음(불확실 — 강제판정 안 함),0.38,0.46,0.41,0.26,True,0
546-67-8,LEAD TETRAACETATE,REMOVE_CONFIRMED,"동일 그룹조합((50,)) 대표물질 20816-12-0(PHASE3_KEEP_EMPIRICAL)이 이미 확정 KEEP — 제거해도 그룹/매트릭스 coverage 불변(수학적 보장), §10 실질근거도 없음",,20816-12-0,50,"Oxidizing Agents, Strong",True,False,0,0,,,,NO_DATA,1,False,True,False,,2,True,NOT_CHECKED,REVIEW,gold_pair.jsonl에 이 물질 관련 질의가 전혀 없어 retrieval 근거 자체가 없음(불확실 — 강제판정 안 함),0.38,0.46,0.41,0.26,True,0
7775-11-3,SODIUM CHROMATE,REMOVE_CONFIRMED,"동일 그룹조합((50, 61, 68)) 대표물질 7778-66-7(PHASE3_KEEP_EMPIRICAL)이 이미 확정 KEEP — 제거해도 그룹/매트릭스 coverage 불변(수학적 보장), §10 실질근거도 없음",,7778-66-7,50;61;68,"Oxidizing Agents, Strong;Salts, Basic;Water and Aqueous Solutions",True,False,0,0,,,,NO_DATA,1,False,True,False,,2,True,NOT_CHECKED,REVIEW,gold_pair.jsonl에 이 물질 관련 질의가 전혀 없어 retrieval 근거 자체가 없음(불확실 — 강제판정 안 함),0.38,0.46,0.41,0.26,True,0
7778-50-9,POTASSIUM BICHROMATE,REMOVE_CONFIRMED,"동일 그룹조합((50, 61)) 대표물질 14018-95-2(PHASE3_KEEP_EMPIRICAL)이 이미 확정 KEEP — 제거해도 그룹/매트릭스 coverage 불변(수학적 보장), §10 실질근거도 없음",,14018-95-2,50;61,"Oxidizing Agents, Strong;Salts, Basic",True,False,0,0,,,,NO_DATA,1,False,True,False,,2,True,NOT_CHECKED,REVIEW,gold_pair.jsonl에 이 물질 관련 질의가 전혀 없어 retrieval 근거 자체가 없음(불확실 — 강제판정 안 함),0.38,0.46,0.41,0.26,True,0
7778-74-7,POTASSIUM PERCHLORATE,REMOVE_CONFIRMED,"동일 그룹조합((50,)) 대표물질 20816-12-0(PHASE3_KEEP_EMPIRICAL)이 이미 확정 KEEP — 제거해도 그룹/매트릭스 coverage 불변(수학적 보장), §10 실질근거도 없음",,20816-12-0,50,"Oxidizing Agents, Strong",True,False,0,0,,,,NO_DATA,1,False,True,False,,2,True,NOT_CHECKED,REVIEW,gold_pair.jsonl에 이 물질 관련 질의가 전혀 없어 retrieval 근거 자체가 없음(불확실 — 강제판정 안 함),0.38,0.46,0.41,0.26,True,0
7789-00-6,POTASSIUM CHROMATE,REMOVE_CONFIRMED,"동일 그룹조합((50, 61)) 대표물질 14018-95-2(PHASE3_KEEP_EMPIRICAL)이 이미 확정 KEEP — 제거해도 그룹/매트릭스 coverage 불변(수학적 보장), §10 실질근거도 없음",,14018-95-2,50;61,"Oxidizing Agents, Strong;Salts, Basic",True,False,0,0,,,,NO_DATA,1,False,True,False,,2,True,NOT_CHECKED,REVIEW,gold_pair.jsonl에 이 물질 관련 질의가 전혀 없어 retrieval 근거 자체가 없음(불확실 — 강제판정 안 함),0.38,0.46,0.41,0.26,True,0
7791-10-8,STRONTIUM CHLORATE,REMOVE_CONFIRMED,"동일 그룹조합((50,)) 대표물질 20816-12-0(PHASE3_KEEP_EMPIRICAL)이 이미 확정 KEEP — 제거해도 그룹/매트릭스 coverage 불변(수학적 보장), §10 실질근거도 없음",,20816-12-0,50,"Oxidizing Agents, Strong",True,False,0,0,,,,NO_DATA,1,False,True,False,,2,True,NOT_CHECKED,REVIEW,gold_pair.jsonl에 이 물질 관련 질의가 전혀 없어 retrieval 근거 자체가 없음(불확실 — 강제판정 안 함),0.38,0.46,0.41,0.26,True,0
87-90-1,"TRICHLORO-S-TRIAZINETRIONE, DRY",REMOVE_CONFIRMED,"동일 그룹조합((7, 32, 50, 60)) 대표물질 2244-21-5(PHASE3_KEEP_EMPIRICAL)이 이미 확정 KEEP — 제거해도 그룹/매트릭스 coverage 불변(수학적 보장), §10 실질근거도 없음",,2244-21-5,7;32;50;60,"Acyl Halides, Sulfonyl Halides, and Chloroformates;Halogenating Agents;Oxidizing Agents, Strong;Salts, Acidic",True,False,0,0,,,,NO_DATA,1,False,True,False,,2,True,NOT_CHECKED,REVIEW,gold_pair.jsonl에 이 물질 관련 질의가 전혀 없어 retrieval 근거 자체가 없음(불확실 — 강제판정 안 함),0.38,0.46,0.41,0.26,True,0
13410-01-0,SODIUM SELENATE,REMOVE_CONFIRMED,"동일 그룹조합((51, 61)) 대표물질 13718-26-8(PHASE3_KEEP_EMPIRICAL)이 이미 확정 KEEP — 제거해도 그룹/매트릭스 coverage 불변(수학적 보장), §10 실질근거도 없음",,13718-26-8,51;61,"Oxidizing Agents, Weak;Salts, Basic",True,False,0,0,,,,NO_DATA,1,False,True,False,,2,True,NOT_CHECKED,REVIEW,gold_pair.jsonl에 이 물질 관련 질의가 전혀 없어 retrieval 근거 자체가 없음(불확실 — 강제판정 안 함),0.38,0.46,0.41,0.26,True,0
13769-43-2,POTASSIUM METAVANADATE,REMOVE_CONFIRMED,"동일 그룹조합((51, 61)) 대표물질 13718-26-8(PHASE3_KEEP_EMPIRICAL)이 이미 확정 KEEP — 제거해도 그룹/매트릭스 coverage 불변(수학적 보장), §10 실질근거도 없음",,13718-26-8,51;61,"Oxidizing Agents, Weak;Salts, Basic",True,False,0,0,,,,NO_DATA,0,False,False,False,,2,True,NOT_CHECKED,REVIEW,gold_pair.jsonl에 이 물질 관련 질의가 전혀 없어 retrieval 근거 자체가 없음(불확실 — 강제판정 안 함),0.18,0.36,0.36,0.21,True,0
14019-91-1,CALCIUM SELENATE,REMOVE_CONFIRMED,"동일 그룹조합((51, 61)) 대표물질 13718-26-8(PHASE3_KEEP_EMPIRICAL)이 이미 확정 KEEP — 제거해도 그룹/매트릭스 coverage 불변(수학적 보장), §10 실질근거도 없음",,13718-26-8,51;61,"Oxidizing Agents, Weak;Salts, Basic",True,False,0,0,,,,NO_DATA,1,False,True,False,,2,True,NOT_CHECKED,REVIEW,gold_pair.jsonl에 이 물질 관련 질의가 전혀 없어 retrieval 근거 자체가 없음(불확실 — 강제판정 안 함),0.38,0.46,0.41,0.26,True,0
7631-89-2,SODIUM ARSENATE,REMOVE_CONFIRMED,"동일 그룹조합((51, 61)) 대표물질 13718-26-8(PHASE3_KEEP_EMPIRICAL)이 이미 확정 KEEP — 제거해도 그룹/매트릭스 coverage 불변(수학적 보장), §10 실질근거도 없음",,13718-26-8,51;61,"Oxidizing Agents, Weak;Salts, Basic",True,False,0,0,,,,NO_DATA,1,False,True,False,,2,True,NOT_CHECKED,REVIEW,gold_pair.jsonl에 이 물질 관련 질의가 전혀 없어 retrieval 근거 자체가 없음(불확실 — 강제판정 안 함),0.38,0.46,0.41,0.26,True,0
7778-44-1,CALCIUM ARSENATE,REMOVE_CONFIRMED,"동일 그룹조합((51, 61)) 대표물질 13718-26-8(PHASE3_KEEP_EMPIRICAL)이 이미 확정 KEEP — 제거해도 그룹/매트릭스 coverage 불변(수학적 보장), §10 실질근거도 없음",,13718-26-8,51;61,"Oxidizing Agents, Weak;Salts, Basic",True,False,0,0,,,,NO_DATA,1,False,True,False,,2,True,NOT_CHECKED,REVIEW,gold_pair.jsonl에 이 물질 관련 질의가 전혀 없어 retrieval 근거 자체가 없음(불확실 — 강제판정 안 함),0.38,0.46,0.41,0.26,True,0
7784-37-4,MERCURIC ARSENATE,REMOVE_CONFIRMED,"동일 그룹조합((51, 61)) 대표물질 13718-26-8(PHASE3_KEEP_EMPIRICAL)이 이미 확정 KEEP — 제거해도 그룹/매트릭스 coverage 불변(수학적 보장), §10 실질근거도 없음",,13718-26-8,51;61,"Oxidizing Agents, Weak;Salts, Basic",True,False,0,0,,,,NO_DATA,1,False,True,False,,2,True,NOT_CHECKED,REVIEW,gold_pair.jsonl에 이 물질 관련 질의가 전혀 없어 retrieval 근거 자체가 없음(불확실 — 강제판정 안 함),0.38,0.46,0.41,0.26,True,0
7784-44-3,AMMONIUM ARSENATE,REMOVE_CONFIRMED,"동일 그룹조합((51, 60)) 대표물질 7803-55-6(PHASE3_KEEP_EMPIRICAL)이 이미 확정 KEEP — 제거해도 그룹/매트릭스 coverage 불변(수학적 보장), §10 실질근거도 없음",,7803-55-6,51;60,"Oxidizing Agents, Weak;Salts, Acidic",True,False,0,0,,,,NO_DATA,1,False,True,False,,2,True,NOT_CHECKED,REVIEW,gold_pair.jsonl에 이 물질 관련 질의가 전혀 없어 retrieval 근거 자체가 없음(불확실 — 강제판정 안 함),0.38,0.46,0.41,0.26,True,0
7790-59-2,POTASSIUM SELENATE,REMOVE_CONFIRMED,"동일 그룹조합((51, 61)) 대표물질 13718-26-8(PHASE3_KEEP_EMPIRICAL)이 이미 확정 KEEP — 제거해도 그룹/매트릭스 coverage 불변(수학적 보장), §10 실질근거도 없음",,13718-26-8,51;61,"Oxidizing Agents, Weak;Salts, Basic",True,False,0,0,,,,NO_DATA,1,False,True,False,,2,True,NOT_CHECKED,REVIEW,gold_pair.jsonl에 이 물질 관련 질의가 전혀 없어 retrieval 근거 자체가 없음(불확실 — 강제판정 안 함),0.38,0.46,0.41,0.26,True,0
7704-34-9,"SULFUR, MOLTEN",REMOVE_CONFIRMED,"동일 그룹조합((58,)) 대표물질 10049-05-5(PHASE3_KEEP_EMPIRICAL)이 이미 확정 KEEP — 제거해도 그룹/매트릭스 coverage 불변(수학적 보장), §10 실질근거도 없음",,10049-05-5,58,"Reducing Agents, Strong",True,False,0,0,,,,NO_DATA,1,False,True,False,,2,True,NOT_CHECKED,REVIEW,gold_pair.jsonl에 이 물질 관련 질의가 전혀 없어 retrieval 근거 자체가 없음(불확실 — 강제판정 안 함),0.38,0.46,0.41,0.26,True,0
22397-33-7,"3,3,6,6,9,9-HEXAMETHYL-1,2,4,5-TETRAOXACYCLONONANE",REMOVE_CONFIRMED,"동일 그룹조합((53, 68)) 대표물질 110-22-5(PHASE3_KEEP_EMPIRICAL)이 이미 확정 KEEP — 제거해도 그룹/매트릭스 coverage 불변(수학적 보장), §10 실질근거도 없음",,110-22-5,53;68,"Peroxides, Organic;Water and Aqueous Solutions",True,False,0,0,,,,NO_DATA,1,False,True,False,,2,True,NOT_CHECKED,REVIEW,gold_pair.jsonl에 이 물질 관련 질의가 전혀 없어 retrieval 근거 자체가 없음(불확실 — 강제판정 안 함),0.38,0.46,0.41,0.26,True,0
65-30-5,"NICOTINE SULFATE, SOLID",REMOVE_CONFIRMED,"동일 그룹조합((60, 68)) 대표물질 13826-88-5(PHASE3_KEEP_EMPIRICAL)이 이미 확정 KEEP — 제거해도 그룹/매트릭스 coverage 불변(수학적 보장), §10 실질근거도 없음",,13826-88-5,60;68,"Salts, Acidic;Water and Aqueous Solutions",True,False,0,0,,,,NO_DATA,1,False,True,False,,2,True,NOT_CHECKED,REVIEW,gold_pair.jsonl에 이 물질 관련 질의가 전혀 없어 retrieval 근거 자체가 없음(불확실 — 강제판정 안 함),0.38,0.46,0.41,0.26,True,0
7784-46-5,"SODIUM ARSENITE, AQUEOUS SOLUTION",REMOVE_CONFIRMED,"동일 그룹조합((61, 68)) 대표물질 7681-49-4(PHASE3_KEEP_EMPIRICAL)이 이미 확정 KEEP — 제거해도 그룹/매트릭스 coverage 불변(수학적 보장), §10 실질근거도 없음",,7681-49-4,61;68,"Salts, Basic;Water and Aqueous Solutions",True,False,0,0,,,,NO_DATA,1,False,True,False,,2,True,NOT_CHECKED,REVIEW,gold_pair.jsonl에 이 물질 관련 질의가 전혀 없어 retrieval 근거 자체가 없음(불확실 — 강제판정 안 함),0.38,0.46,0.41,0.26,True,0
79-08-3,BROMOACETIC ACID,REMOVE_CONFIRMED,"동일 그룹조합((2, 31, 68)) 대표물질 76-03-9(PHASE3_KEEP_EMPIRICAL)이 이미 확정 KEEP — 제거해도 그룹/매트릭스 coverage 불변(수학적 보장), §10 실질근거도 없음",,76-03-9,2;31;68,"Acids, Carboxylic;Halogenated Organic Compounds;Water and Aqueous Solutions",True,False,0,0,,,,NO_DATA,1,False,True,False,,2,True,NOT_CHECKED,REVIEW,gold_pair.jsonl에 이 물질 관련 질의가 전혀 없어 retrieval 근거 자체가 없음(불확실 — 강제판정 안 함),0.38,0.46,0.41,0.26,True,0
10025-91-9,ANTIMONY TRICHLORIDE,MERGE_REDUNDANT,"대표물질 10026-13-8(PHASE3_KEEP_EMPIRICAL)과 동일 그룹조합((3, 32, 50)) — 매트릭스 기반 coverage는 대표물질이 전담 가능. 단, 개별 §2·3·9 실측값(물성 등)은 물질마다 달라 완전한 정보손실은 아님(사람 검토 시 고려)",MC001_g3-32-50,10026-13-8,3;32;50,"Acids, Strong Non-oxidizing;Halogenating Agents;Oxidizing Agents, Strong",True,False,40,10,1.0,1.5,0.75,HIGH,2,True,True,False,,4,True,NOT_CHECKED,RETAIN_RETRIEVAL,426에서 자기 청크 hit_rate@10=1.0(n=40) — 실제 검색 기여 확인됨,0.56,0.74,0.86,0.36,False,3
7789-61-9,ANTIMONY TRIBROMIDE,MERGE_REDUNDANT,"대표물질 10026-13-8(PHASE3_KEEP_EMPIRICAL)과 동일 그룹조합((3, 32, 50)) — 매트릭스 기반 coverage는 대표물질이 전담 가능. 단, 개별 §2·3·9 실측값(물성 등)은 물질마다 달라 완전한 정보손실은 아님(사람 검토 시 고려)",MC001_g3-32-50,10026-13-8,3;32;50,"Acids, Strong Non-oxidizing;Halogenating Agents;Oxidizing Agents, Strong",True,False,0,0,,,,NO_DATA,2,True,True,False,,4,True,NOT_CHECKED,REVIEW,gold_pair.jsonl에 이 물질 관련 질의가 전혀 없어 retrieval 근거 자체가 없음(불확실 — 강제판정 안 함),0.56,0.53,0.44,0.29,False,2
7789-69-7,PHOSPHORUS PENTABROMIDE,MERGE_REDUNDANT,"대표물질 10026-13-8(PHASE3_KEEP_EMPIRICAL)과 동일 그룹조합((3, 32, 50)) — 매트릭스 기반 coverage는 대표물질이 전담 가능. 단, 개별 §2·3·9 실측값(물성 등)은 물질마다 달라 완전한 정보손실은 아님(사람 검토 시 고려)",MC001_g3-32-50,10026-13-8,3;32;50,"Acids, Strong Non-oxidizing;Halogenating Agents;Oxidizing Agents, Strong",True,False,0,0,,,,NO_DATA,2,True,True,False,,4,True,NOT_CHECKED,REVIEW,gold_pair.jsonl에 이 물질 관련 질의가 전혀 없어 retrieval 근거 자체가 없음(불확실 — 강제판정 안 함),0.56,0.53,0.44,0.29,False,2
10026-11-6,ZIRCONIUM TETRACHLORIDE,MERGE_REDUNDANT,"대표물질 10026-06-9(PHASE3_KEEP_EMPIRICAL)과 동일 그룹조합((3,)) — 매트릭스 기반 coverage는 대표물질이 전담 가능. 단, 개별 §2·3·9 실측값(물성 등)은 물질마다 달라 완전한 정보손실은 아님(사람 검토 시 고려)",MC002_g3,10026-06-9,3,"Acids, Strong Non-oxidizing",True,False,30,0,1.0,1.57,0.7389,HIGH,2,True,True,False,,2,True,NOT_CHECKED,RETAIN_RETRIEVAL,426에서 자기 청크 hit_rate@10=1.0(n=30) — 실제 검색 기여 확인됨,0.58,0.77,0.88,0.38,False,3
42615-29-2,PHENYLSULPHONIC ACID,MERGE_REDUNDANT,"대표물질 7664-93-9(PHASE1_KEEP_MANDATORY)과 동일 그룹조합((4,)) — 매트릭스 기반 coverage는 대표물질이 전담 가능. 단, 개별 §2·3·9 실측값(물성 등)은 물질마다 달라 완전한 정보손실은 아님(사람 검토 시 고려)",MC003_g4,7664-93-9,4,"Acids, Strong Oxidizing",True,False,60,30,1.0,1.92,0.6472,HIGH,1,True,False,False,,5,True,NOT_CHECKED,RETAIN_RETRIEVAL,426에서 자기 청크 hit_rate@10=1.0(n=60) — 실제 검색 기여 확인됨,0.35,0.625,0.8,0.3,False,2
104-15-4,"TOLUENE SULFONIC ACID, LIQUID, WITH MORE THAN 5% FREE SULFURIC ACID",MERGE_REDUNDANT,"대표물질 7664-93-9(PHASE1_KEEP_MANDATORY)과 동일 그룹조합((4,)) — 매트릭스 기반 coverage는 대표물질이 전담 가능. 단, 개별 §2·3·9 실측값(물성 등)은 물질마다 달라 완전한 정보손실은 아님(사람 검토 시 고려)",MC003_g4,7664-93-9,4,"Acids, Strong Oxidizing",True,False,10,0,1.0,1.5,0.75,HIGH,2,True,True,False,,5,True,NOT_CHECKED,RETAIN_RETRIEVAL,426에서 자기 청크 hit_rate@10=1.0(n=10) — 실제 검색 기여 확인됨,0.55,0.725,0.85,0.35,False,3
1333-39-7,"PHENOLSULFONIC ACID, LIQUID",MERGE_REDUNDANT,"대표물질 7664-93-9(PHASE1_KEEP_MANDATORY)과 동일 그룹조합((4,)) — 매트릭스 기반 coverage는 대표물질이 전담 가능. 단, 개별 §2·3·9 실측값(물성 등)은 물질마다 달라 완전한 정보손실은 아님(사람 검토 시 고려)",MC003_g4,7664-93-9,4,"Acids, Strong Oxidizing",True,False,0,0,,,,NO_DATA,2,True,True,False,,5,True,NOT_CHECKED,REVIEW,gold_pair.jsonl에 이 물질 관련 질의가 전혀 없어 retrieval 근거 자체가 없음(불확실 — 강제판정 안 함),0.55,0.515,0.43,0.28,False,2
27176-87-0,DODECYLBENZENESULFONIC ACID,MERGE_REDUNDANT,"대표물질 7664-93-9(PHASE1_KEEP_MANDATORY)과 동일 그룹조합((4,)) — 매트릭스 기반 coverage는 대표물질이 전담 가능. 단, 개별 §2·3·9 실측값(물성 등)은 물질마다 달라 완전한 정보손실은 아님(사람 검토 시 고려)",MC003_g4,7664-93-9,4,"Acids, Strong Oxidizing",True,False,40,10,0.975,2.75,0.6032,HIGH,2,True,True,False,,5,True,NOT_CHECKED,RETAIN_RETRIEVAL,426에서 자기 청크 hit_rate@10=0.975(n=40) — 실제 검색 기여 확인됨,0.55,0.725,0.85,0.35,False,3
105-59-9,METHYLDIETHANOLAMINE,MERGE_REDUNDANT,"대표물질 102-71-6(PHASE3_KEEP_EMPIRICAL)과 동일 그룹조합((8, 14)) — 매트릭스 기반 coverage는 대표물질이 전담 가능. 단, 개별 §2·3·9 실측값(물성 등)은 물질마다 달라 완전한 정보손실은 아님(사람 검토 시 고려)",MC004_g8-14,102-71-6,8;14,"Alcohols and Polyols;Amines, Phosphines, and Pyridines",True,False,40,10,0.9,5.38,0.2669,HIGH,2,True,True,False,,2,True,NOT_CHECKED,RETAIN_RETRIEVAL,426에서 자기 청크 hit_rate@10=0.9(n=40) — 실제 검색 기여 확인됨,0.58,0.77,0.88,0.38,False,3
10016-20-3,ALPHA-CYCLODEXTRIN,MERGE_REDUNDANT,"대표물질 100-51-6(PHASE3_KEEP_EMPIRICAL)과 동일 그룹조합((8,)) — 매트릭스 기반 coverage는 대표물질이 전담 가능. 단, 개별 §2·3·9 실측값(물성 등)은 물질마다 달라 완전한 정보손실은 아님(사람 검토 시 고려)",MC005_g8,100-51-6,8,Alcohols and Polyols,True,False,40,20,1.0,2.52,0.5582,HIGH,1,True,False,False,,2,True,NOT_CHECKED,RETAIN_RETRIEVAL,426에서 자기 청크 hit_rate@10=1.0(n=40) — 실제 검색 기여 확인됨,0.38,0.67,0.83,0.33,False,2
100-15-2,N-METHYL-4-NITROANILINE,MERGE_REDUNDANT,"대표물질 100-01-6(PHASE3_KEEP_EMPIRICAL)과 동일 그룹조합((13, 46)) — 매트릭스 기반 coverage는 대표물질이 전담 가능. 단, 개별 §2·3·9 실측값(물성 등)은 물질마다 달라 완전한 정보손실은 아님(사람 검토 시 고려)",MC006_g13-46,100-01-6,13;46,"Amines, Aromatic;Nitro, Nitroso, Nitrate, and Nitrite Compounds, Organic",True,False,20,10,0.85,4.75,0.3822,HIGH,1,True,False,False,,2,True,NOT_CHECKED,RETAIN_RETRIEVAL,426에서 자기 청크 hit_rate@10=0.85(n=20) — 실제 검색 기여 확인됨,0.38,0.67,0.83,0.33,False,2
106-31-0,BUTYRIC ANHYDRIDE,MERGE_REDUNDANT,"대표물질 108-24-7(PHASE1_KEEP_MANDATORY)과 동일 그룹조합((15,)) — 매트릭스 기반 coverage는 대표물질이 전담 가능. 단, 개별 §2·3·9 실측값(물성 등)은 물질마다 달라 완전한 정보손실은 아님(사람 검토 시 고려)",MC007_g15,108-24-7,15,Anhydrides,True,False,40,10,1.0,2.98,0.4467,HIGH,2,True,True,False,,2,True,NOT_CHECKED,RETAIN_RETRIEVAL,426에서 자기 청크 hit_rate@10=1.0(n=40) — 실제 검색 기여 확인됨,0.58,0.77,0.88,0.38,False,3
11138-49-1,"SODIUM ALUMINATE, SOLUTION",MERGE_REDUNDANT,"대표물질 1310-58-3(PHASE1_KEEP_MANDATORY)과 동일 그룹조합((18, 68)) — 매트릭스 기반 coverage는 대표물질이 전담 가능. 단, 개별 §2·3·9 실측값(물성 등)은 물질마다 달라 완전한 정보손실은 아님(사람 검토 시 고려)",MC008_g18-68,1310-58-3,18;68,"Bases, Strong;Water and Aqueous Solutions",True,False,30,10,1.0,2.97,0.4585,HIGH,2,True,True,False,,5,True,NOT_CHECKED,RETAIN_RETRIEVAL,426에서 자기 청크 hit_rate@10=1.0(n=30) — 실제 검색 기여 확인됨,0.55,0.725,0.85,0.35,False,3
1310-65-2,"LITHIUM HYDROXIDE, SOLUTION",MERGE_REDUNDANT,"대표물질 1310-58-3(PHASE1_KEEP_MANDATORY)과 동일 그룹조합((18, 68)) — 매트릭스 기반 coverage는 대표물질이 전담 가능. 단, 개별 §2·3·9 실측값(물성 등)은 물질마다 달라 완전한 정보손실은 아님(사람 검토 시 고려)",MC008_g18-68,1310-58-3,18;68,"Bases, Strong;Water and Aqueous Solutions",True,False,0,0,,,,NO_DATA,2,True,True,False,,5,True,NOT_CHECKED,REVIEW,gold_pair.jsonl에 이 물질 관련 질의가 전혀 없어 retrieval 근거 자체가 없음(불확실 — 강제판정 안 함),0.55,0.515,0.43,0.28,False,2
1310-82-3,RUBIDIUM HYDROXIDE,MERGE_REDUNDANT,"대표물질 1310-58-3(PHASE1_KEEP_MANDATORY)과 동일 그룹조합((18, 68)) — 매트릭스 기반 coverage는 대표물질이 전담 가능. 단, 개별 §2·3·9 실측값(물성 등)은 물질마다 달라 완전한 정보손실은 아님(사람 검토 시 고려)",MC008_g18-68,1310-58-3,18;68,"Bases, Strong;Water and Aqueous Solutions",True,False,0,0,,,,NO_DATA,2,True,True,False,,5,True,NOT_CHECKED,REVIEW,gold_pair.jsonl에 이 물질 관련 질의가 전혀 없어 retrieval 근거 자체가 없음(불확실 — 강제판정 안 함),0.55,0.515,0.43,0.28,False,2
21351-79-1,CESIUM HYDROXIDE,MERGE_REDUNDANT,"대표물질 1310-58-3(PHASE1_KEEP_MANDATORY)과 동일 그룹조합((18, 68)) — 매트릭스 기반 coverage는 대표물질이 전담 가능. 단, 개별 §2·3·9 실측값(물성 등)은 물질마다 달라 완전한 정보손실은 아님(사람 검토 시 고려)",MC008_g18-68,1310-58-3,18;68,"Bases, Strong;Water and Aqueous Solutions",True,False,0,0,,,,NO_DATA,2,True,True,False,,5,True,NOT_CHECKED,REVIEW,gold_pair.jsonl에 이 물질 관련 질의가 전혀 없어 retrieval 근거 자체가 없음(불확실 — 강제판정 안 함),0.55,0.515,0.43,0.28,False,2
12030-88-5,POTASSIUM SUPEROXIDE,MERGE_REDUNDANT,"대표물질 17014-71-0(PHASE3_KEEP_EMPIRICAL)과 동일 그룹조합((18, 50)) — 매트릭스 기반 coverage는 대표물질이 전담 가능. 단, 개별 §2·3·9 실측값(물성 등)은 물질마다 달라 완전한 정보손실은 아님(사람 검토 시 고려)",MC009_g18-50,17014-71-0,18;50,"Bases, Strong;Oxidizing Agents, Strong",True,False,10,0,0.8,5.78,0.2752,HIGH,2,True,True,False,,4,True,NOT_CHECKED,RETAIN_RETRIEVAL,426에서 자기 청크 hit_rate@10=0.8(n=10) — 실제 검색 기여 확인됨,0.56,0.74,0.86,0.36,False,3
12031-80-0,LITHIUM PEROXIDE,MERGE_REDUNDANT,"대표물질 17014-71-0(PHASE3_KEEP_EMPIRICAL)과 동일 그룹조합((18, 50)) — 매트릭스 기반 coverage는 대표물질이 전담 가능. 단, 개별 §2·3·9 실측값(물성 등)은 물질마다 달라 완전한 정보손실은 아님(사람 검토 시 고려)",MC009_g18-50,17014-71-0,18;50,"Bases, Strong;Oxidizing Agents, Strong",True,False,0,0,,,,NO_DATA,2,True,True,False,,4,True,NOT_CHECKED,REVIEW,gold_pair.jsonl에 이 물질 관련 질의가 전혀 없어 retrieval 근거 자체가 없음(불확실 — 강제판정 안 함),0.56,0.53,0.44,0.29,False,2
1314-18-7,STRONTIUM PEROXIDE,MERGE_REDUNDANT,"대표물질 17014-71-0(PHASE3_KEEP_EMPIRICAL)과 동일 그룹조합((18, 50)) — 매트릭스 기반 coverage는 대표물질이 전담 가능. 단, 개별 §2·3·9 실측값(물성 등)은 물질마다 달라 완전한 정보손실은 아님(사람 검토 시 고려)",MC009_g18-50,17014-71-0,18;50,"Bases, Strong;Oxidizing Agents, Strong",True,False,0,0,,,,NO_DATA,2,True,True,False,,4,True,NOT_CHECKED,REVIEW,gold_pair.jsonl에 이 물질 관련 질의가 전혀 없어 retrieval 근거 자체가 없음(불확실 — 강제판정 안 함),0.56,0.53,0.44,0.29,False,2
1313-82-2,"SODIUM SULFIDE, ANHYDROUS",MERGE_REDUNDANT,"대표물질 16721-80-5(PHASE3_KEEP_EMPIRICAL)과 동일 그룹조합((19, 63, 68)) — 매트릭스 기반 coverage는 대표물질이 전담 가능. 단, 개별 §2·3·9 실측값(물성 등)은 물질마다 달라 완전한 정보손실은 아님(사람 검토 시 고려)",MC010_g19-63-68,16721-80-5,19;63;68,"Bases, Weak;Sulfides, Inorganic;Water and Aqueous Solutions",True,False,30,0,1.0,3.13,0.5404,HIGH,2,True,True,False,,2,True,NOT_CHECKED,RETAIN_RETRIEVAL,426에서 자기 청크 hit_rate@10=1.0(n=30) — 실제 검색 기여 확인됨,0.58,0.77,0.88,0.38,False,3
144-55-8,SODIUM BICARBONATE,MERGE_REDUNDANT,"대표물질 1317-65-3(PHASE3_KEEP_EMPIRICAL)과 동일 그룹조합((21,)) — 매트릭스 기반 coverage는 대표물질이 전담 가능. 단, 개별 §2·3·9 실측값(물성 등)은 물질마다 달라 완전한 정보손실은 아님(사람 검토 시 고려)",MC011_g21,1317-65-3,21,Carbonate Salts,True,False,70,20,0.9286,3.77,0.3569,HIGH,1,True,False,False,,3,True,NOT_CHECKED,RETAIN_RETRIEVAL,426에서 자기 청크 hit_rate@10=0.9286(n=70) — 실제 검색 기여 확인됨,0.37,0.655,0.82,0.32,False,2
471-34-1,CALCIUM CARBONATE,MERGE_REDUNDANT,"대표물질 1317-65-3(PHASE3_KEEP_EMPIRICAL)과 동일 그룹조합((21,)) — 매트릭스 기반 coverage는 대표물질이 전담 가능. 단, 개별 §2·3·9 실측값(물성 등)은 물질마다 달라 완전한 정보손실은 아님(사람 검토 시 고려)",MC011_g21,1317-65-3,21,Carbonate Salts,True,False,110,20,0.8545,6.47,0.2926,HIGH,1,True,False,False,,3,True,NOT_CHECKED,RETAIN_RETRIEVAL,426에서 자기 청크 hit_rate@10=0.8545(n=110) — 실제 검색 기여 확인됨,0.37,0.655,0.82,0.32,False,2
105-79-3,ISOBUTYL CAPROATE,MERGE_REDUNDANT,"대표물질 103-23-1(PHASE3_KEEP_EMPIRICAL)과 동일 그룹조합((27,)) — 매트릭스 기반 coverage는 대표물질이 전담 가능. 단, 개별 §2·3·9 실측값(물성 등)은 물질마다 달라 완전한 정보손실은 아님(사람 검토 시 고려)",MC012_g27,103-23-1,27,"Esters, Sulfate Esters, Phosphate Esters, Thiophosphate Esters, and Borate Esters",True,False,50,0,0.98,3.72,0.4478,HIGH,2,True,True,False,,2,True,NOT_CHECKED,RETAIN_RETRIEVAL,426에서 자기 청크 hit_rate@10=0.98(n=50) — 실제 검색 기여 확인됨,0.58,0.77,0.88,0.38,False,3
123-01-3,DODECYLBENZENE,MERGE_REDUNDANT,"대표물질 12002-43-6(PHASE3_KEEP_EMPIRICAL)과 동일 그룹조합((33, 35)) — 매트릭스 기반 coverage는 대표물질이 전담 가능. 단, 개별 §2·3·9 실측값(물성 등)은 물질마다 달라 완전한 정보손실은 아님(사람 검토 시 고려)",MC013_g33-35,12002-43-6,33;35,"Hydrocarbons, Aliphatic Saturated;Hydrocarbons, Aromatic",True,False,20,0,0.85,6.05,0.3548,HIGH,2,True,True,False,,2,True,NOT_CHECKED,RETAIN_RETRIEVAL,426에서 자기 청크 hit_rate@10=0.85(n=20) — 실제 검색 기여 확인됨,0.58,0.77,0.88,0.38,False,3
7439-95-4,MAGNESIUM,MERGE_REDUNDANT,"대표물질 7440-47-3(PHASE3_KEEP_EMPIRICAL)과 동일 그룹조합((41,)) — 매트릭스 기반 coverage는 대표물질이 전담 가능. 단, 개별 §2·3·9 실측값(물성 등)은 물질마다 달라 완전한 정보손실은 아님(사람 검토 시 고려)",MC014_g41,7440-47-3,41,"Metals, Elemental and Powder, Active",True,False,20,10,0.9,6.1,0.2635,HIGH,2,True,True,False,,15,True,NOT_CHECKED,RETAIN_RETRIEVAL,426에서 자기 청크 hit_rate@10=0.9(n=20) — 실제 검색 기여 확인됨,0.5,0.65,0.8,0.3,False,3
7440-02-0,NICKEL,MERGE_REDUNDANT,"대표물질 7440-47-3(PHASE3_KEEP_EMPIRICAL)과 동일 그룹조합((41,)) — 매트릭스 기반 coverage는 대표물질이 전담 가능. 단, 개별 §2·3·9 실측값(물성 등)은 물질마다 달라 완전한 정보손실은 아님(사람 검토 시 고려)",MC014_g41,7440-47-3,41,"Metals, Elemental and Powder, Active",True,False,20,20,0.7,6.69,0.1732,MEDIUM,2,True,True,False,,15,True,NOT_CHECKED,REVIEW,retrieval 근거 애매(MEDIUM),0.5,0.53,0.56,0.26,False,3
7440-21-3,"SILICON POWDER, AMORPHOUS",MERGE_REDUNDANT,"대표물질 7440-47-3(PHASE3_KEEP_EMPIRICAL)과 동일 그룹조합((41,)) — 매트릭스 기반 coverage는 대표물질이 전담 가능. 단, 개별 §2·3·9 실측값(물성 등)은 물질마다 달라 완전한 정보손실은 아님(사람 검토 시 고려)",MC014_g41,7440-47-3,41,"Metals, Elemental and Powder, Active",True,False,20,0,0.65,4.75,0.2454,MEDIUM,2,True,True,False,,15,True,NOT_CHECKED,REVIEW,retrieval 근거 애매(MEDIUM),0.5,0.53,0.56,0.26,False,3
7440-25-7,TANTALUM (METAL AND OXIDE DUST),MERGE_REDUNDANT,"대표물질 7440-47-3(PHASE3_KEEP_EMPIRICAL)과 동일 그룹조합((41,)) — 매트릭스 기반 coverage는 대표물질이 전담 가능. 단, 개별 §2·3·9 실측값(물성 등)은 물질마다 달라 완전한 정보손실은 아님(사람 검토 시 고려)",MC014_g41,7440-47-3,41,"Metals, Elemental and Powder, Active",True,False,30,20,0.9333,3.7,0.4759,HIGH,2,True,True,False,,15,True,NOT_CHECKED,RETAIN_RETRIEVAL,426에서 자기 청크 hit_rate@10=0.9333(n=30) — 실제 검색 기여 확인됨,0.5,0.65,0.8,0.3,False,3
7429-90-5,"ALUMINUM POWDER, COATED",MERGE_REDUNDANT,"대표물질 7440-47-3(PHASE3_KEEP_EMPIRICAL)과 동일 그룹조합((41,)) — 매트릭스 기반 coverage는 대표물질이 전담 가능. 단, 개별 §2·3·9 실측값(물성 등)은 물질마다 달라 완전한 정보손실은 아님(사람 검토 시 고려)",MC014_g41,7440-47-3,41,"Metals, Elemental and Powder, Active",True,False,20,0,0.55,7.47,0.2883,MEDIUM,2,True,True,False,,15,True,NOT_CHECKED,REVIEW,retrieval 근거 애매(MEDIUM),0.5,0.53,0.56,0.26,False,3
7439-89-6,"IRON, [POWDERED]",MERGE_REDUNDANT,"대표물질 7440-47-3(PHASE3_KEEP_EMPIRICAL)과 동일 그룹조합((41,)) — 매트릭스 기반 coverage는 대표물질이 전담 가능. 단, 개별 §2·3·9 실측값(물성 등)은 물질마다 달라 완전한 정보손실은 아님(사람 검토 시 고려)",MC014_g41,7440-47-3,41,"Metals, Elemental and Powder, Active",True,False,30,10,0.6667,5.5,0.3258,MEDIUM,2,True,True,False,,15,True,NOT_CHECKED,REVIEW,retrieval 근거 애매(MEDIUM),0.5,0.53,0.56,0.26,False,3
7440-36-0,ANTIMONY POWDER,MERGE_REDUNDANT,"대표물질 7440-47-3(PHASE3_KEEP_EMPIRICAL)과 동일 그룹조합((41,)) — 매트릭스 기반 coverage는 대표물질이 전담 가능. 단, 개별 §2·3·9 실측값(물성 등)은 물질마다 달라 완전한 정보손실은 아님(사람 검토 시 고려)",MC014_g41,7440-47-3,41,"Metals, Elemental and Powder, Active",True,False,0,0,,,,NO_DATA,1,True,False,False,,15,True,NOT_CHECKED,REVIEW,gold_pair.jsonl에 이 물질 관련 질의가 전혀 없어 retrieval 근거 자체가 없음(불확실 — 강제판정 안 함),0.3,0.34,0.33,0.18,True,0
7440-39-3,BARIUM,MERGE_REDUNDANT,"대표물질 7440-47-3(PHASE3_KEEP_EMPIRICAL)과 동일 그룹조합((41,)) — 매트릭스 기반 coverage는 대표물질이 전담 가능. 단, 개별 §2·3·9 실측값(물성 등)은 물질마다 달라 완전한 정보손실은 아님(사람 검토 시 고려)",MC014_g41,7440-47-3,41,"Metals, Elemental and Powder, Active",True,False,0,0,,,,NO_DATA,2,True,True,False,,15,True,NOT_CHECKED,REVIEW,gold_pair.jsonl에 이 물질 관련 질의가 전혀 없어 retrieval 근거 자체가 없음(불확실 — 강제판정 안 함),0.5,0.44,0.38,0.23,False,1
7440-45-1,"CERIUM, SLABS, INGOTS OR RODS",MERGE_REDUNDANT,"대표물질 7440-47-3(PHASE3_KEEP_EMPIRICAL)과 동일 그룹조합((41,)) — 매트릭스 기반 coverage는 대표물질이 전담 가능. 단, 개별 §2·3·9 실측값(물성 등)은 물질마다 달라 완전한 정보손실은 아님(사람 검토 시 고려)",MC014_g41,7440-47-3,41,"Metals, Elemental and Powder, Active",True,False,0,0,,,,NO_DATA,2,True,True,False,,15,True,NOT_CHECKED,REVIEW,gold_pair.jsonl에 이 물질 관련 질의가 전혀 없어 retrieval 근거 자체가 없음(불확실 — 강제판정 안 함),0.5,0.44,0.38,0.23,False,1
7440-48-4,COBALT,MERGE_REDUNDANT,"대표물질 7440-47-3(PHASE3_KEEP_EMPIRICAL)과 동일 그룹조합((41,)) — 매트릭스 기반 coverage는 대표물질이 전담 가능. 단, 개별 §2·3·9 실측값(물성 등)은 물질마다 달라 완전한 정보손실은 아님(사람 검토 시 고려)",MC014_g41,7440-47-3,41,"Metals, Elemental and Powder, Active",True,False,0,0,,,,NO_DATA,2,True,True,False,,15,True,NOT_CHECKED,REVIEW,gold_pair.jsonl에 이 물질 관련 질의가 전혀 없어 retrieval 근거 자체가 없음(불확실 — 강제판정 안 함),0.5,0.44,0.38,0.23,False,1
7440-65-5,YTTRIUM,MERGE_REDUNDANT,"대표물질 7440-47-3(PHASE3_KEEP_EMPIRICAL)과 동일 그룹조합((41,)) — 매트릭스 기반 coverage는 대표물질이 전담 가능. 단, 개별 §2·3·9 실측값(물성 등)은 물질마다 달라 완전한 정보손실은 아님(사람 검토 시 고려)",MC014_g41,7440-47-3,41,"Metals, Elemental and Powder, Active",True,False,0,0,,,,NO_DATA,2,True,True,False,,15,True,NOT_CHECKED,REVIEW,gold_pair.jsonl에 이 물질 관련 질의가 전혀 없어 retrieval 근거 자체가 없음(불확실 — 강제판정 안 함),0.5,0.44,0.38,0.23,False,1
7440-70-2,CALCIUM,MERGE_REDUNDANT,"대표물질 7440-47-3(PHASE3_KEEP_EMPIRICAL)과 동일 그룹조합((41,)) — 매트릭스 기반 coverage는 대표물질이 전담 가능. 단, 개별 §2·3·9 실측값(물성 등)은 물질마다 달라 완전한 정보손실은 아님(사람 검토 시 고려)",MC014_g41,7440-47-3,41,"Metals, Elemental and Powder, Active",True,False,0,0,,,,NO_DATA,2,True,True,False,,15,True,NOT_CHECKED,REVIEW,gold_pair.jsonl에 이 물질 관련 질의가 전혀 없어 retrieval 근거 자체가 없음(불확실 — 강제판정 안 함),0.5,0.44,0.38,0.23,False,1
7440-74-6,INDIUM,MERGE_REDUNDANT,"대표물질 7440-47-3(PHASE3_KEEP_EMPIRICAL)과 동일 그룹조합((41,)) — 매트릭스 기반 coverage는 대표물질이 전담 가능. 단, 개별 §2·3·9 실측값(물성 등)은 물질마다 달라 완전한 정보손실은 아님(사람 검토 시 고려)",MC014_g41,7440-47-3,41,"Metals, Elemental and Powder, Active",True,False,0,0,,,,NO_DATA,2,True,True,False,,15,True,NOT_CHECKED,REVIEW,gold_pair.jsonl에 이 물질 관련 질의가 전혀 없어 retrieval 근거 자체가 없음(불확실 — 강제판정 안 함),0.5,0.44,0.38,0.23,False,1
8049-17-0,FERROSILICON,MERGE_REDUNDANT,"대표물질 7440-47-3(PHASE3_KEEP_EMPIRICAL)과 동일 그룹조합((41,)) — 매트릭스 기반 coverage는 대표물질이 전담 가능. 단, 개별 §2·3·9 실측값(물성 등)은 물질마다 달라 완전한 정보손실은 아님(사람 검토 시 고려)",MC014_g41,7440-47-3,41,"Metals, Elemental and Powder, Active",True,False,0,0,,,,NO_DATA,2,True,True,False,,15,True,NOT_CHECKED,REVIEW,gold_pair.jsonl에 이 물질 관련 질의가 전혀 없어 retrieval 근거 자체가 없음(불확실 — 강제판정 안 함),0.5,0.44,0.38,0.23,False,1
10034-81-8,MAGNESIUM PERCHLORATE,MERGE_REDUNDANT,"대표물질 20816-12-0(PHASE3_KEEP_EMPIRICAL)과 동일 그룹조합((50,)) — 매트릭스 기반 coverage는 대표물질이 전담 가능. 단, 개별 §2·3·9 실측값(물성 등)은 물질마다 달라 완전한 정보손실은 아님(사람 검토 시 고려)",MC015_g50,20816-12-0,50,"Oxidizing Agents, Strong",True,False,40,20,0.8,3.44,0.3334,HIGH,2,True,True,False,,20,True,NOT_CHECKED,RETAIN_RETRIEVAL,426에서 자기 청크 hit_rate@10=0.8(n=40) — 실제 검색 기여 확인됨,0.5,0.65,0.8,0.3,False,3
10101-50-5,SODIUM PERMANGANATE,MERGE_REDUNDANT,"대표물질 20816-12-0(PHASE3_KEEP_EMPIRICAL)과 동일 그룹조합((50,)) — 매트릭스 기반 coverage는 대표물질이 전담 가능. 단, 개별 §2·3·9 실측값(물성 등)은 물질마다 달라 완전한 정보손실은 아님(사람 검토 시 고려)",MC015_g50,20816-12-0,50,"Oxidizing Agents, Strong",True,False,10,0,1.0,3.3,0.3893,HIGH,2,True,True,False,,20,True,NOT_CHECKED,RETAIN_RETRIEVAL,426에서 자기 청크 hit_rate@10=1.0(n=10) — 실제 검색 기여 확인됨,0.5,0.65,0.8,0.3,False,3
10118-76-0,CALCIUM PERMANGANATE,MERGE_REDUNDANT,"대표물질 20816-12-0(PHASE3_KEEP_EMPIRICAL)과 동일 그룹조합((50,)) — 매트릭스 기반 coverage는 대표물질이 전담 가능. 단, 개별 §2·3·9 실측값(물성 등)은 물질마다 달라 완전한 정보손실은 아님(사람 검토 시 고려)",MC015_g50,20816-12-0,50,"Oxidizing Agents, Strong",True,False,40,0,0.925,2.26,0.6002,HIGH,2,True,True,False,,20,True,NOT_CHECKED,RETAIN_RETRIEVAL,426에서 자기 청크 hit_rate@10=0.925(n=40) — 실제 검색 기여 확인됨,0.5,0.65,0.8,0.3,False,3
1189-85-1,T-BUTYL CHROMATE,MERGE_REDUNDANT,"대표물질 20816-12-0(PHASE3_KEEP_EMPIRICAL)과 동일 그룹조합((50,)) — 매트릭스 기반 coverage는 대표물질이 전담 가능. 단, 개별 §2·3·9 실측값(물성 등)은 물질마다 달라 완전한 정보손실은 아님(사람 검토 시 고려)",MC015_g50,20816-12-0,50,"Oxidizing Agents, Strong",True,False,0,0,,,,NO_DATA,2,True,True,False,,20,True,NOT_CHECKED,REVIEW,gold_pair.jsonl에 이 물질 관련 질의가 전혀 없어 retrieval 근거 자체가 없음(불확실 — 강제판정 안 함),0.5,0.44,0.38,0.23,False,1
1309-60-0,LEAD DIOXIDE,MERGE_REDUNDANT,"대표물질 20816-12-0(PHASE3_KEEP_EMPIRICAL)과 동일 그룹조합((50,)) — 매트릭스 기반 coverage는 대표물질이 전담 가능. 단, 개별 §2·3·9 실측값(물성 등)은 물질마다 달라 완전한 정보손실은 아님(사람 검토 시 고려)",MC015_g50,20816-12-0,50,"Oxidizing Agents, Strong",True,False,0,0,,,,NO_DATA,2,True,True,False,,20,True,NOT_CHECKED,REVIEW,gold_pair.jsonl에 이 물질 관련 질의가 전혀 없어 retrieval 근거 자체가 없음(불확실 — 강제판정 안 함),0.5,0.44,0.38,0.23,False,1
1314-22-3,ZINC PEROXIDE,MERGE_REDUNDANT,"대표물질 20816-12-0(PHASE3_KEEP_EMPIRICAL)과 동일 그룹조합((50,)) — 매트릭스 기반 coverage는 대표물질이 전담 가능. 단, 개별 §2·3·9 실측값(물성 등)은 물질마다 달라 완전한 정보손실은 아님(사람 검토 시 고려)",MC015_g50,20816-12-0,50,"Oxidizing Agents, Strong",True,False,0,0,,,,NO_DATA,2,True,True,False,,20,True,NOT_CHECKED,REVIEW,gold_pair.jsonl에 이 물질 관련 질의가 전혀 없어 retrieval 근거 자체가 없음(불확실 — 강제판정 안 함),0.5,0.44,0.38,0.23,False,1
13450-97-0,STRONTIUM PERCHLORATE,MERGE_REDUNDANT,"대표물질 20816-12-0(PHASE3_KEEP_EMPIRICAL)과 동일 그룹조합((50,)) — 매트릭스 기반 coverage는 대표물질이 전담 가능. 단, 개별 §2·3·9 실측값(물성 등)은 물질마다 달라 완전한 정보손실은 아님(사람 검토 시 고려)",MC015_g50,20816-12-0,50,"Oxidizing Agents, Strong",True,False,0,0,,,,NO_DATA,2,True,True,False,,20,True,NOT_CHECKED,REVIEW,gold_pair.jsonl에 이 물질 관련 질의가 전혀 없어 retrieval 근거 자체가 없음(불확실 — 강제판정 안 함),0.5,0.44,0.38,0.23,False,1
13477-36-6,CALCIUM PERCHLORATE,MERGE_REDUNDANT,"대표물질 20816-12-0(PHASE3_KEEP_EMPIRICAL)과 동일 그룹조합((50,)) — 매트릭스 기반 coverage는 대표물질이 전담 가능. 단, 개별 §2·3·9 실측값(물성 등)은 물질마다 달라 완전한 정보손실은 아님(사람 검토 시 고려)",MC015_g50,20816-12-0,50,"Oxidizing Agents, Strong",True,False,0,0,,,,NO_DATA,2,True,True,False,,20,True,NOT_CHECKED,REVIEW,gold_pair.jsonl에 이 물질 관련 질의가 전혀 없어 retrieval 근거 자체가 없음(불확실 — 강제판정 안 함),0.5,0.44,0.38,0.23,False,1
13637-76-8,LEAD PERCHLORATE,MERGE_REDUNDANT,"대표물질 20816-12-0(PHASE3_KEEP_EMPIRICAL)과 동일 그룹조합((50,)) — 매트릭스 기반 coverage는 대표물질이 전담 가능. 단, 개별 §2·3·9 실측값(물성 등)은 물질마다 달라 완전한 정보손실은 아님(사람 검토 시 고려)",MC015_g50,20816-12-0,50,"Oxidizing Agents, Strong",True,False,0,0,,,,NO_DATA,2,True,True,False,,20,True,NOT_CHECKED,REVIEW,gold_pair.jsonl에 이 물질 관련 질의가 전혀 없어 retrieval 근거 자체가 없음(불확실 — 강제판정 안 함),0.5,0.44,0.38,0.23,False,1
13967-90-3,BARIUM BROMATE,MERGE_REDUNDANT,"대표물질 20816-12-0(PHASE3_KEEP_EMPIRICAL)과 동일 그룹조합((50,)) — 매트릭스 기반 coverage는 대표물질이 전담 가능. 단, 개별 §2·3·9 실측값(물성 등)은 물질마다 달라 완전한 정보손실은 아님(사람 검토 시 고려)",MC015_g50,20816-12-0,50,"Oxidizing Agents, Strong",True,False,0,0,,,,NO_DATA,2,True,True,False,,20,True,NOT_CHECKED,REVIEW,gold_pair.jsonl에 이 물질 관련 질의가 전혀 없어 retrieval 근거 자체가 없음(불확실 — 강제판정 안 함),0.5,0.44,0.38,0.23,False,1
14519-17-6,MAGNESIUM BROMATE,MERGE_REDUNDANT,"대표물질 20816-12-0(PHASE3_KEEP_EMPIRICAL)과 동일 그룹조합((50,)) — 매트릭스 기반 coverage는 대표물질이 전담 가능. 단, 개별 §2·3·9 실측값(물성 등)은 물질마다 달라 완전한 정보손실은 아님(사람 검토 시 고려)",MC015_g50,20816-12-0,50,"Oxidizing Agents, Strong",True,False,0,0,,,,NO_DATA,2,True,True,False,,20,True,NOT_CHECKED,REVIEW,gold_pair.jsonl에 이 물질 관련 질의가 전혀 없어 retrieval 근거 자체가 없음(불확실 — 강제판정 안 함),0.5,0.44,0.38,0.23,False,1
15541-45-4,"BROMATES, INORGANIC, N.O.S.",MERGE_REDUNDANT,"대표물질 20816-12-0(PHASE3_KEEP_EMPIRICAL)과 동일 그룹조합((50,)) — 매트릭스 기반 coverage는 대표물질이 전담 가능. 단, 개별 §2·3·9 실측값(물성 등)은 물질마다 달라 완전한 정보손실은 아님(사람 검토 시 고려)",MC015_g50,20816-12-0,50,"Oxidizing Agents, Strong",True,False,0,0,,,,NO_DATA,2,True,True,False,,20,True,NOT_CHECKED,REVIEW,gold_pair.jsonl에 이 물질 관련 질의가 전혀 없어 retrieval 근거 자체가 없음(불확실 — 강제판정 안 함),0.5,0.44,0.38,0.23,False,1
7446-08-4,SELENIUM DIOXIDE,MERGE_REDUNDANT,"대표물질 20816-12-0(PHASE3_KEEP_EMPIRICAL)과 동일 그룹조합((50,)) — 매트릭스 기반 coverage는 대표물질이 전담 가능. 단, 개별 §2·3·9 실측값(물성 등)은 물질마다 달라 완전한 정보손실은 아님(사람 검토 시 고려)",MC015_g50,20816-12-0,50,"Oxidizing Agents, Strong",True,False,0,0,,,,NO_DATA,2,True,True,False,,20,True,NOT_CHECKED,REVIEW,gold_pair.jsonl에 이 물질 관련 질의가 전혀 없어 retrieval 근거 자체가 없음(불확실 — 강제판정 안 함),0.5,0.44,0.38,0.23,False,1
7601-89-0,SODIUM PERCHLORATE,MERGE_REDUNDANT,"대표물질 20816-12-0(PHASE3_KEEP_EMPIRICAL)과 동일 그룹조합((50,)) — 매트릭스 기반 coverage는 대표물질이 전담 가능. 단, 개별 §2·3·9 실측값(물성 등)은 물질마다 달라 완전한 정보손실은 아님(사람 검토 시 고려)",MC015_g50,20816-12-0,50,"Oxidizing Agents, Strong",True,False,0,0,,,,NO_DATA,2,True,True,False,,20,True,NOT_CHECKED,REVIEW,gold_pair.jsonl에 이 물질 관련 질의가 전혀 없어 retrieval 근거 자체가 없음(불확실 — 강제판정 안 함),0.5,0.44,0.38,0.23,False,1
7727-21-1,POTASSIUM PERSULFATE,MERGE_REDUNDANT,"대표물질 20816-12-0(PHASE3_KEEP_EMPIRICAL)과 동일 그룹조합((50,)) — 매트릭스 기반 coverage는 대표물질이 전담 가능. 단, 개별 §2·3·9 실측값(물성 등)은 물질마다 달라 완전한 정보손실은 아님(사람 검토 시 고려)",MC015_g50,20816-12-0,50,"Oxidizing Agents, Strong",True,False,0,0,,,,NO_DATA,2,True,True,False,,20,True,NOT_CHECKED,REVIEW,gold_pair.jsonl에 이 물질 관련 질의가 전혀 없어 retrieval 근거 자체가 없음(불확실 — 강제판정 안 함),0.5,0.44,0.38,0.23,False,1
7758-01-2,POTASSIUM BROMATE,MERGE_REDUNDANT,"대표물질 20816-12-0(PHASE3_KEEP_EMPIRICAL)과 동일 그룹조합((50,)) — 매트릭스 기반 coverage는 대표물질이 전담 가능. 단, 개별 §2·3·9 실측값(물성 등)은 물질마다 달라 완전한 정보손실은 아님(사람 검토 시 고려)",MC015_g50,20816-12-0,50,"Oxidizing Agents, Strong",True,False,0,0,,,,NO_DATA,2,True,True,False,,20,True,NOT_CHECKED,REVIEW,gold_pair.jsonl에 이 물질 관련 질의가 전혀 없어 retrieval 근거 자체가 없음(불확실 — 강제판정 안 함),0.5,0.44,0.38,0.23,False,1
7775-27-1,SODIUM PERSULFATE,MERGE_REDUNDANT,"대표물질 20816-12-0(PHASE3_KEEP_EMPIRICAL)과 동일 그룹조합((50,)) — 매트릭스 기반 coverage는 대표물질이 전담 가능. 단, 개별 §2·3·9 실측값(물성 등)은 물질마다 달라 완전한 정보손실은 아님(사람 검토 시 고려)",MC015_g50,20816-12-0,50,"Oxidizing Agents, Strong",True,False,0,0,,,,NO_DATA,2,True,True,False,,20,True,NOT_CHECKED,REVIEW,gold_pair.jsonl에 이 물질 관련 질의가 전혀 없어 retrieval 근거 자체가 없음(불확실 — 강제판정 안 함),0.5,0.44,0.38,0.23,False,1
7787-36-2,BARIUM PERMANGANATE,MERGE_REDUNDANT,"대표물질 20816-12-0(PHASE3_KEEP_EMPIRICAL)과 동일 그룹조합((50,)) — 매트릭스 기반 coverage는 대표물질이 전담 가능. 단, 개별 §2·3·9 실측값(물성 등)은 물질마다 달라 완전한 정보손실은 아님(사람 검토 시 고려)",MC015_g50,20816-12-0,50,"Oxidizing Agents, Strong",True,False,0,0,,,,NO_DATA,2,True,True,False,,20,True,NOT_CHECKED,REVIEW,gold_pair.jsonl에 이 물질 관련 질의가 전혀 없어 retrieval 근거 자체가 없음(불확실 — 강제판정 안 함),0.5,0.44,0.38,0.23,False,1
7789-38-0,SODIUM BROMATE,MERGE_REDUNDANT,"대표물질 20816-12-0(PHASE3_KEEP_EMPIRICAL)과 동일 그룹조합((50,)) — 매트릭스 기반 coverage는 대표물질이 전담 가능. 단, 개별 §2·3·9 실측값(물성 등)은 물질마다 달라 완전한 정보손실은 아님(사람 검토 시 고려)",MC015_g50,20816-12-0,50,"Oxidizing Agents, Strong",True,False,0,0,,,,NO_DATA,2,True,True,False,,20,True,NOT_CHECKED,REVIEW,gold_pair.jsonl에 이 물질 관련 질의가 전혀 없어 retrieval 근거 자체가 없음(불확실 — 강제판정 안 함),0.5,0.44,0.38,0.23,False,1
105-74-8,LAUROYL PEROXIDE,MERGE_REDUNDANT,"대표물질 105-64-6(PHASE3_KEEP_EMPIRICAL)과 동일 그룹조합((53,)) — 매트릭스 기반 coverage는 대표물질이 전담 가능. 단, 개별 §2·3·9 실측값(물성 등)은 물질마다 달라 완전한 정보손실은 아님(사람 검토 시 고려)",MC016_g53,105-64-6,53,"Peroxides, Organic",True,False,50,40,1.0,1.96,0.6417,HIGH,2,True,True,False,,2,True,NOT_CHECKED,RETAIN_RETRIEVAL,426에서 자기 청크 hit_rate@10=1.0(n=50) — 실제 검색 기여 확인됨,0.58,0.77,0.88,0.38,False,3
10043-01-3,"ALUMINUM SULFATE, SOLID",MERGE_REDUNDANT,"대표물질 13826-88-5(PHASE3_KEEP_EMPIRICAL)과 동일 그룹조합((60, 68)) — 매트릭스 기반 coverage는 대표물질이 전담 가능. 단, 개별 §2·3·9 실측값(물성 등)은 물질마다 달라 완전한 정보손실은 아님(사람 검토 시 고려)",MC017_g60-68,13826-88-5,60;68,"Salts, Acidic;Water and Aqueous Solutions",True,False,30,0,0.9,3.07,0.419,HIGH,2,True,True,False,,5,True,NOT_CHECKED,RETAIN_RETRIEVAL,426에서 자기 청크 hit_rate@10=0.9(n=30) — 실제 검색 기여 확인됨,0.55,0.725,0.85,0.35,False,3
14486-19-2,CADMIUM FLUOROBORATE,MERGE_REDUNDANT,"대표물질 13826-88-5(PHASE3_KEEP_EMPIRICAL)과 동일 그룹조합((60, 68)) — 매트릭스 기반 coverage는 대표물질이 전담 가능. 단, 개별 §2·3·9 실측값(물성 등)은 물질마다 달라 완전한 정보손실은 아님(사람 검토 시 고려)",MC017_g60-68,13826-88-5,60;68,"Salts, Acidic;Water and Aqueous Solutions",True,False,0,0,,,,NO_DATA,2,True,True,False,,5,True,NOT_CHECKED,REVIEW,gold_pair.jsonl에 이 물질 관련 질의가 전혀 없어 retrieval 근거 자체가 없음(불확실 — 강제판정 안 함),0.55,0.515,0.43,0.28,False,2
7681-38-1,"SODIUM BISULFATE, SOLID",MERGE_REDUNDANT,"대표물질 13826-88-5(PHASE3_KEEP_EMPIRICAL)과 동일 그룹조합((60, 68)) — 매트릭스 기반 coverage는 대표물질이 전담 가능. 단, 개별 §2·3·9 실측값(물성 등)은 물질마다 달라 완전한 정보손실은 아님(사람 검토 시 고려)",MC017_g60-68,13826-88-5,60;68,"Salts, Acidic;Water and Aqueous Solutions",True,False,0,0,,,,NO_DATA,2,True,True,False,,5,True,NOT_CHECKED,REVIEW,gold_pair.jsonl에 이 물질 관련 질의가 전혀 없어 retrieval 근거 자체가 없음(불확실 — 강제판정 안 함),0.55,0.515,0.43,0.28,False,2
7784-30-7,"ALUMINUM PHOSPHATE, SOLUTION",MERGE_REDUNDANT,"대표물질 13826-88-5(PHASE3_KEEP_EMPIRICAL)과 동일 그룹조합((60, 68)) — 매트릭스 기반 coverage는 대표물질이 전담 가능. 단, 개별 §2·3·9 실측값(물성 등)은 물질마다 달라 완전한 정보손실은 아님(사람 검토 시 고려)",MC017_g60-68,13826-88-5,60;68,"Salts, Acidic;Water and Aqueous Solutions",True,False,0,0,,,,NO_DATA,2,True,True,False,,5,True,NOT_CHECKED,REVIEW,gold_pair.jsonl에 이 물질 관련 질의가 전혀 없어 retrieval 근거 자체가 없음(불확실 — 강제판정 안 함),0.55,0.515,0.43,0.28,False,2
7440-17-7,RUBIDIUM,MERGE_REDUNDANT,"대표물질 7439-93-2(PHASE3_KEEP_EMPIRICAL)과 동일 그룹조합((40,)) — 매트릭스 기반 coverage는 대표물질이 전담 가능. 단, 개별 §2·3·9 실측값(물성 등)은 물질마다 달라 완전한 정보손실은 아님(사람 검토 시 고려)",MC018_g40,7439-93-2,40,"Metals, Alkali, Very Active",True,False,0,0,,,,NO_DATA,2,True,True,True,40,3,True,NOT_CHECKED,RETAIN_COVERAGE,259 기준 재계산 시 소속 그룹(40)이 신규로 대표물질 <=2종(누적 제거 효과) — 개별판단이 놓친 부분,0.97,0.745,0.55,0.9,True,4
7440-46-2,CESIUM,MERGE_REDUNDANT,"대표물질 7439-93-2(PHASE3_KEEP_EMPIRICAL)과 동일 그룹조합((40,)) — 매트릭스 기반 coverage는 대표물질이 전담 가능. 단, 개별 §2·3·9 실측값(물성 등)은 물질마다 달라 완전한 정보손실은 아님(사람 검토 시 고려)",MC018_g40,7439-93-2,40,"Metals, Alkali, Very Active",True,False,0,0,,,,NO_DATA,2,True,True,True,40,3,True,NOT_CHECKED,RETAIN_COVERAGE,259 기준 재계산 시 소속 그룹(40)이 신규로 대표물질 <=2종(누적 제거 효과) — 개별판단이 놓친 부분,0.97,0.745,0.55,0.9,True,4
7440-58-6,"HAFNIUM POWDER, DRY",MERGE_REDUNDANT,"대표물질 7440-32-6(PHASE3_KEEP_EMPIRICAL)과 동일 그룹조합((41, 68)) — 매트릭스 기반 coverage는 대표물질이 전담 가능. 단, 개별 §2·3·9 실측값(물성 등)은 물질마다 달라 완전한 정보손실은 아님(사람 검토 시 고려)",MC019_g41-68,7440-32-6,41;68,"Metals, Elemental and Powder, Active;Water and Aqueous Solutions",True,False,0,0,,,,NO_DATA,2,True,True,False,,3,True,NOT_CHECKED,REVIEW,gold_pair.jsonl에 이 물질 관련 질의가 전혀 없어 retrieval 근거 자체가 없음(불확실 — 강제판정 안 함),0.57,0.545,0.45,0.3,False,2
7440-67-7,ZIRCONIUM POWDER WET,MERGE_REDUNDANT,"대표물질 7440-32-6(PHASE3_KEEP_EMPIRICAL)과 동일 그룹조합((41, 68)) — 매트릭스 기반 coverage는 대표물질이 전담 가능. 단, 개별 §2·3·9 실측값(물성 등)은 물질마다 달라 완전한 정보손실은 아님(사람 검토 시 고려)",MC019_g41-68,7440-32-6,41;68,"Metals, Elemental and Powder, Active;Water and Aqueous Solutions",True,False,0,0,,,,NO_DATA,2,True,True,False,,3,True,NOT_CHECKED,REVIEW,gold_pair.jsonl에 이 물질 관련 질의가 전혀 없어 retrieval 근거 자체가 없음(불확실 — 강제판정 안 함),0.57,0.545,0.45,0.3,False,2
15385-58-7,MERCUROUS BROMIDE,MERGE_REDUNDANT,"대표물질 10112-91-1(PHASE3_KEEP_EMPIRICAL)과 동일 그룹조합((42, 47)) — 매트릭스 기반 coverage는 대표물질이 전담 가능. 단, 개별 §2·3·9 실측값(물성 등)은 물질마다 달라 완전한 정보손실은 아님(사람 검토 시 고려)",MC020_g42-47,10112-91-1,42;47,"Metals, Less Reactive agents;Non-Redox-Active Inorganic Compounds",True,False,0,0,,,,NO_DATA,2,True,True,False,,3,True,NOT_CHECKED,REVIEW,gold_pair.jsonl에 이 물질 관련 질의가 전혀 없어 retrieval 근거 자체가 없음(불확실 — 강제판정 안 함),0.57,0.545,0.45,0.3,False,2
7789-47-1,MERCURIC BROMIDE,MERGE_REDUNDANT,"대표물질 10112-91-1(PHASE3_KEEP_EMPIRICAL)과 동일 그룹조합((42, 47)) — 매트릭스 기반 coverage는 대표물질이 전담 가능. 단, 개별 §2·3·9 실측값(물성 등)은 물질마다 달라 완전한 정보손실은 아님(사람 검토 시 고려)",MC020_g42-47,10112-91-1,42;47,"Metals, Less Reactive agents;Non-Redox-Active Inorganic Compounds",True,False,0,0,,,,NO_DATA,2,True,True,False,,3,True,NOT_CHECKED,REVIEW,gold_pair.jsonl에 이 물질 관련 질의가 전혀 없어 retrieval 근거 자체가 없음(불확실 — 강제판정 안 함),0.57,0.545,0.45,0.3,False,2
7439-96-5,MANGANESE,MERGE_REDUNDANT,"대표물질 7439-92-1(PHASE3_KEEP_EMPIRICAL)과 동일 그룹조합((42,)) — 매트릭스 기반 coverage는 대표물질이 전담 가능. 단, 개별 §2·3·9 실측값(물성 등)은 물질마다 달라 완전한 정보손실은 아님(사람 검토 시 고려)",MC021_g42,7439-92-1,42,"Metals, Less Reactive agents",True,False,0,0,,,,NO_DATA,2,True,True,False,,8,True,NOT_CHECKED,REVIEW,gold_pair.jsonl에 이 물질 관련 질의가 전혀 없어 retrieval 근거 자체가 없음(불확실 — 강제판정 안 함),0.52,0.47,0.4,0.25,False,1
7439-98-7,MOLYBDENUM,MERGE_REDUNDANT,"대표물질 7439-92-1(PHASE3_KEEP_EMPIRICAL)과 동일 그룹조합((42,)) — 매트릭스 기반 coverage는 대표물질이 전담 가능. 단, 개별 §2·3·9 실측값(물성 등)은 물질마다 달라 완전한 정보손실은 아님(사람 검토 시 고려)",MC021_g42,7439-92-1,42,"Metals, Less Reactive agents",True,False,0,0,,,,NO_DATA,2,True,True,False,,8,True,NOT_CHECKED,REVIEW,gold_pair.jsonl에 이 물질 관련 질의가 전혀 없어 retrieval 근거 자체가 없음(불확실 — 강제판정 안 함),0.52,0.47,0.4,0.25,False,1
7440-06-4,PLATINUM,MERGE_REDUNDANT,"대표물질 7439-92-1(PHASE3_KEEP_EMPIRICAL)과 동일 그룹조합((42,)) — 매트릭스 기반 coverage는 대표물질이 전담 가능. 단, 개별 §2·3·9 실측값(물성 등)은 물질마다 달라 완전한 정보손실은 아님(사람 검토 시 고려)",MC021_g42,7439-92-1,42,"Metals, Less Reactive agents",True,False,0,0,,,,NO_DATA,2,True,True,False,,8,True,NOT_CHECKED,REVIEW,gold_pair.jsonl에 이 물질 관련 질의가 전혀 없어 retrieval 근거 자체가 없음(불확실 — 강제판정 안 함),0.52,0.47,0.4,0.25,False,1
7440-16-6,RHODIUM (METAL FUME),MERGE_REDUNDANT,"대표물질 7439-92-1(PHASE3_KEEP_EMPIRICAL)과 동일 그룹조합((42,)) — 매트릭스 기반 coverage는 대표물질이 전담 가능. 단, 개별 §2·3·9 실측값(물성 등)은 물질마다 달라 완전한 정보손실은 아님(사람 검토 시 고려)",MC021_g42,7439-92-1,42,"Metals, Less Reactive agents",True,False,0,0,,,,NO_DATA,1,True,False,False,,8,True,NOT_CHECKED,REVIEW,gold_pair.jsonl에 이 물질 관련 질의가 전혀 없어 retrieval 근거 자체가 없음(불확실 — 강제판정 안 함),0.32,0.37,0.35,0.2,True,0
7440-22-4,SILVER,MERGE_REDUNDANT,"대표물질 7439-92-1(PHASE3_KEEP_EMPIRICAL)과 동일 그룹조합((42,)) — 매트릭스 기반 coverage는 대표물질이 전담 가능. 단, 개별 §2·3·9 실측값(물성 등)은 물질마다 달라 완전한 정보손실은 아님(사람 검토 시 고려)",MC021_g42,7439-92-1,42,"Metals, Less Reactive agents",True,False,0,0,,,,NO_DATA,2,True,True,False,,8,True,NOT_CHECKED,REVIEW,gold_pair.jsonl에 이 물질 관련 질의가 전혀 없어 retrieval 근거 자체가 없음(불확실 — 강제판정 안 함),0.52,0.47,0.4,0.25,False,1
7440-31-5,TIN,MERGE_REDUNDANT,"대표물질 7439-92-1(PHASE3_KEEP_EMPIRICAL)과 동일 그룹조합((42,)) — 매트릭스 기반 coverage는 대표물질이 전담 가능. 단, 개별 §2·3·9 실측값(물성 등)은 물질마다 달라 완전한 정보손실은 아님(사람 검토 시 고려)",MC021_g42,7439-92-1,42,"Metals, Less Reactive agents",True,False,0,0,,,,NO_DATA,2,True,True,False,,8,True,NOT_CHECKED,REVIEW,gold_pair.jsonl에 이 물질 관련 질의가 전혀 없어 retrieval 근거 자체가 없음(불확실 — 강제판정 안 함),0.52,0.47,0.4,0.25,False,1
7440-33-7,TUNGSTEN,MERGE_REDUNDANT,"대표물질 7439-92-1(PHASE3_KEEP_EMPIRICAL)과 동일 그룹조합((42,)) — 매트릭스 기반 coverage는 대표물질이 전담 가능. 단, 개별 §2·3·9 실측값(물성 등)은 물질마다 달라 완전한 정보손실은 아님(사람 검토 시 고려)",MC021_g42,7439-92-1,42,"Metals, Less Reactive agents",True,False,0,0,,,,NO_DATA,2,True,True,False,,8,True,NOT_CHECKED,REVIEW,gold_pair.jsonl에 이 물질 관련 질의가 전혀 없어 retrieval 근거 자체가 없음(불확실 — 강제판정 안 함),0.52,0.47,0.4,0.25,False,1
10137-74-3,CALCIUM CHLORATE,MERGE_REDUNDANT,"대표물질 7778-66-7(PHASE3_KEEP_EMPIRICAL)과 동일 그룹조합((50, 61, 68)) — 매트릭스 기반 coverage는 대표물질이 전담 가능. 단, 개별 §2·3·9 실측값(물성 등)은 물질마다 달라 완전한 정보손실은 아님(사람 검토 시 고려)",MC022_g50-61-68,7778-66-7,50;61;68,"Oxidizing Agents, Strong;Salts, Basic;Water and Aqueous Solutions",True,False,0,0,,,,NO_DATA,2,True,True,False,,2,True,NOT_CHECKED,REVIEW,gold_pair.jsonl에 이 물질 관련 질의가 전혀 없어 retrieval 근거 자체가 없음(불확실 — 강제판정 안 함),0.58,0.56,0.46,0.31,False,2
11084-85-8,CHLORINATED TRISODIUM PHOSPHATE,MERGE_REDUNDANT,"대표물질 14018-95-2(PHASE3_KEEP_EMPIRICAL)과 동일 그룹조합((50, 61)) — 매트릭스 기반 coverage는 대표물질이 전담 가능. 단, 개별 §2·3·9 실측값(물성 등)은 물질마다 달라 완전한 정보손실은 아님(사람 검토 시 고려)",MC023_g50-61,14018-95-2,50;61,"Oxidizing Agents, Strong;Salts, Basic",True,False,0,0,,,,NO_DATA,2,True,True,False,,11,True,NOT_CHECKED,REVIEW,gold_pair.jsonl에 이 물질 관련 질의가 전혀 없어 retrieval 근거 자체가 없음(불확실 — 강제판정 안 함),0.5,0.44,0.38,0.23,False,1
1304-29-6,BARIUM PEROXIDE,MERGE_REDUNDANT,"대표물질 14018-95-2(PHASE3_KEEP_EMPIRICAL)과 동일 그룹조합((50, 61)) — 매트릭스 기반 coverage는 대표물질이 전담 가능. 단, 개별 §2·3·9 실측값(물성 등)은 물질마다 달라 완전한 정보손실은 아님(사람 검토 시 고려)",MC023_g50-61,14018-95-2,50;61,"Oxidizing Agents, Strong;Salts, Basic",True,False,0,0,,,,NO_DATA,2,True,True,False,,11,True,NOT_CHECKED,REVIEW,gold_pair.jsonl에 이 물질 관련 질의가 전혀 없어 retrieval 근거 자체가 없음(불확실 — 강제판정 안 함),0.5,0.44,0.38,0.23,False,1
1305-79-9,CALCIUM PEROXIDE,MERGE_REDUNDANT,"대표물질 14018-95-2(PHASE3_KEEP_EMPIRICAL)과 동일 그룹조합((50, 61)) — 매트릭스 기반 coverage는 대표물질이 전담 가능. 단, 개별 §2·3·9 실측값(물성 등)은 물질마다 달라 완전한 정보손실은 아님(사람 검토 시 고려)",MC023_g50-61,14018-95-2,50;61,"Oxidizing Agents, Strong;Salts, Basic",True,False,0,0,,,,NO_DATA,2,True,True,False,,11,True,NOT_CHECKED,REVIEW,gold_pair.jsonl에 이 물질 관련 질의가 전혀 없어 retrieval 근거 자체가 없음(불확실 — 강제판정 안 함),0.5,0.44,0.38,0.23,False,1
1317-35-7,MANGANESE TETROXIDE,MERGE_REDUNDANT,"대표물질 14018-95-2(PHASE3_KEEP_EMPIRICAL)과 동일 그룹조합((50, 61)) — 매트릭스 기반 coverage는 대표물질이 전담 가능. 단, 개별 §2·3·9 실측값(물성 등)은 물질마다 달라 완전한 정보손실은 아님(사람 검토 시 고려)",MC023_g50-61,14018-95-2,50;61,"Oxidizing Agents, Strong;Salts, Basic",True,False,0,0,,,,NO_DATA,2,True,True,False,,11,True,NOT_CHECKED,REVIEW,gold_pair.jsonl에 이 물질 관련 질의가 전혀 없어 retrieval 근거 자체가 없음(불확실 — 강제판정 안 함),0.5,0.44,0.38,0.23,False,1
13477-10-6,"BARIUM HYPOCHLORITE, WITH MORE THAN 22% AVAILABLE CHLORINE",MERGE_REDUNDANT,"대표물질 14018-95-2(PHASE3_KEEP_EMPIRICAL)과 동일 그룹조합((50, 61)) — 매트릭스 기반 coverage는 대표물질이 전담 가능. 단, 개별 §2·3·9 실측값(물성 등)은 물질마다 달라 완전한 정보손실은 아님(사람 검토 시 고려)",MC023_g50-61,14018-95-2,50;61,"Oxidizing Agents, Strong;Salts, Basic",True,False,0,0,,,,NO_DATA,2,True,True,False,,11,True,NOT_CHECKED,REVIEW,gold_pair.jsonl에 이 물질 관련 질의가 전혀 없어 retrieval 근거 자체가 없음(불확실 — 강제판정 안 함),0.5,0.44,0.38,0.23,False,1
14307-35-8,LITHIUM CHROMATE,MERGE_REDUNDANT,"대표물질 14018-95-2(PHASE3_KEEP_EMPIRICAL)과 동일 그룹조합((50, 61)) — 매트릭스 기반 coverage는 대표물질이 전담 가능. 단, 개별 §2·3·9 실측값(물성 등)은 물질마다 달라 완전한 정보손실은 아님(사람 검토 시 고려)",MC023_g50-61,14018-95-2,50;61,"Oxidizing Agents, Strong;Salts, Basic",True,False,0,0,,,,NO_DATA,2,True,True,False,,11,True,NOT_CHECKED,REVIEW,gold_pair.jsonl에 이 물질 관련 질의가 전혀 없어 retrieval 근거 자체가 없음(불확실 — 강제판정 안 함),0.5,0.44,0.38,0.23,False,1
14452-57-4,MAGNESIUM PEROXIDE,MERGE_REDUNDANT,"대표물질 14018-95-2(PHASE3_KEEP_EMPIRICAL)과 동일 그룹조합((50, 61)) — 매트릭스 기반 coverage는 대표물질이 전담 가능. 단, 개별 §2·3·9 실측값(물성 등)은 물질마다 달라 완전한 정보손실은 아님(사람 검토 시 고려)",MC023_g50-61,14018-95-2,50;61,"Oxidizing Agents, Strong;Salts, Basic",True,False,0,0,,,,NO_DATA,2,True,True,False,,11,True,NOT_CHECKED,REVIEW,gold_pair.jsonl에 이 물질 관련 질의가 전혀 없어 retrieval 근거 자체가 없음(불확실 — 강제판정 안 함),0.5,0.44,0.38,0.23,False,1
7758-19-2,SODIUM CHLORITE,MERGE_REDUNDANT,"대표물질 14018-95-2(PHASE3_KEEP_EMPIRICAL)과 동일 그룹조합((50, 61)) — 매트릭스 기반 coverage는 대표물질이 전담 가능. 단, 개별 §2·3·9 실측값(물성 등)은 물질마다 달라 완전한 정보손실은 아님(사람 검토 시 고려)",MC023_g50-61,14018-95-2,50;61,"Oxidizing Agents, Strong;Salts, Basic",True,False,0,0,,,,NO_DATA,2,True,True,False,,11,True,NOT_CHECKED,REVIEW,gold_pair.jsonl에 이 물질 관련 질의가 전혀 없어 retrieval 근거 자체가 없음(불확실 — 강제판정 안 함),0.5,0.44,0.38,0.23,False,1
7758-97-6,LEAD CHROMATE,MERGE_REDUNDANT,"대표물질 14018-95-2(PHASE3_KEEP_EMPIRICAL)과 동일 그룹조합((50, 61)) — 매트릭스 기반 coverage는 대표물질이 전담 가능. 단, 개별 §2·3·9 실측값(물성 등)은 물질마다 달라 완전한 정보손실은 아님(사람 검토 시 고려)",MC023_g50-61,14018-95-2,50;61,"Oxidizing Agents, Strong;Salts, Basic",True,False,0,0,,,,NO_DATA,2,True,True,False,,11,True,NOT_CHECKED,REVIEW,gold_pair.jsonl에 이 물질 관련 질의가 전혀 없어 retrieval 근거 자체가 없음(불확실 — 강제판정 안 함),0.5,0.44,0.38,0.23,False,1
7789-06-2,STRONTIUM CHROMATE,MERGE_REDUNDANT,"대표물질 14018-95-2(PHASE3_KEEP_EMPIRICAL)과 동일 그룹조합((50, 61)) — 매트릭스 기반 coverage는 대표물질이 전담 가능. 단, 개별 §2·3·9 실측값(물성 등)은 물질마다 달라 완전한 정보손실은 아님(사람 검토 시 고려)",MC023_g50-61,14018-95-2,50;61,"Oxidizing Agents, Strong;Salts, Basic",True,False,0,0,,,,NO_DATA,2,True,True,False,,11,True,NOT_CHECKED,REVIEW,gold_pair.jsonl에 이 물질 관련 질의가 전혀 없어 retrieval 근거 자체가 없음(불확실 — 강제판정 안 함),0.5,0.44,0.38,0.23,False,1
2782-57-2,"DICHLOROISOCYANURIC ACID, DRY",MERGE_REDUNDANT,"대표물질 118-52-5(PHASE3_KEEP_EMPIRICAL)과 동일 그룹조합((7, 32, 50)) — 매트릭스 기반 coverage는 대표물질이 전담 가능. 단, 개별 §2·3·9 실측값(물성 등)은 물질마다 달라 완전한 정보손실은 아님(사람 검토 시 고려)",MC024_g7-32-50,118-52-5,7;32;50,"Acyl Halides, Sulfonyl Halides, and Chloroformates;Halogenating Agents;Oxidizing Agents, Strong",True,False,0,0,,,,NO_DATA,2,True,True,False,,2,True,NOT_CHECKED,REVIEW,gold_pair.jsonl에 이 물질 관련 질의가 전혀 없어 retrieval 근거 자체가 없음(불확실 — 강제판정 안 함),0.58,0.56,0.46,0.31,False,2
7727-54-0,AMMONIUM PERSULFATE,MERGE_REDUNDANT,"대표물질 13446-10-1(PHASE3_KEEP_EMPIRICAL)과 동일 그룹조합((50, 60)) — 매트릭스 기반 coverage는 대표물질이 전담 가능. 단, 개별 §2·3·9 실측값(물성 등)은 물질마다 달라 완전한 정보손실은 아님(사람 검토 시 고려)",MC025_g50-60,13446-10-1,50;60,"Oxidizing Agents, Strong;Salts, Acidic",True,False,0,0,,,,NO_DATA,2,True,True,False,,4,True,NOT_CHECKED,REVIEW,gold_pair.jsonl에 이 물질 관련 질의가 전혀 없어 retrieval 근거 자체가 없음(불확실 — 강제판정 안 함),0.56,0.53,0.44,0.29,False,2
7789-09-5,AMMONIUM DICHROMATE,MERGE_REDUNDANT,"대표물질 13446-10-1(PHASE3_KEEP_EMPIRICAL)과 동일 그룹조합((50, 60)) — 매트릭스 기반 coverage는 대표물질이 전담 가능. 단, 개별 §2·3·9 실측값(물성 등)은 물질마다 달라 완전한 정보손실은 아님(사람 검토 시 고려)",MC025_g50-60,13446-10-1,50;60,"Oxidizing Agents, Strong;Salts, Acidic",True,False,0,0,,,,NO_DATA,2,True,True,False,,4,True,NOT_CHECKED,REVIEW,gold_pair.jsonl에 이 물질 관련 질의가 전혀 없어 retrieval 근거 자체가 없음(불확실 — 강제판정 안 함),0.56,0.53,0.44,0.29,False,2
7790-98-9,AMMONIUM PERCHLORATE,MERGE_REDUNDANT,"대표물질 13446-10-1(PHASE3_KEEP_EMPIRICAL)과 동일 그룹조합((50, 60)) — 매트릭스 기반 coverage는 대표물질이 전담 가능. 단, 개별 §2·3·9 실측값(물성 등)은 물질마다 달라 완전한 정보손실은 아님(사람 검토 시 고려)",MC025_g50-60,13446-10-1,50;60,"Oxidizing Agents, Strong;Salts, Acidic",True,False,0,0,,,,NO_DATA,2,True,True,False,,4,True,NOT_CHECKED,REVIEW,gold_pair.jsonl에 이 물질 관련 질의가 전혀 없어 retrieval 근거 자체가 없음(불확실 — 강제판정 안 함),0.56,0.53,0.44,0.29,False,2
7775-09-9,SODIUM CHLORATE,MERGE_REDUNDANT,"대표물질 3811-04-9(PHASE3_KEEP_EMPIRICAL)과 동일 그룹조합((50, 68)) — 매트릭스 기반 coverage는 대표물질이 전담 가능. 단, 개별 §2·3·9 실측값(물성 등)은 물질마다 달라 완전한 정보손실은 아님(사람 검토 시 고려)",MC026_g50-68,3811-04-9,50;68,"Oxidizing Agents, Strong;Water and Aqueous Solutions",True,False,0,0,,,,NO_DATA,2,True,True,False,,2,True,NOT_CHECKED,REVIEW,gold_pair.jsonl에 이 물질 관련 질의가 전혀 없어 retrieval 근거 자체가 없음(불확실 — 강제판정 안 함),0.58,0.56,0.46,0.31,False,2
7783-66-6,IODINE PENTAFLUORIDE,MERGE_REDUNDANT,"대표물질 14977-61-8(PHASE3_KEEP_EMPIRICAL)과 동일 그룹조합((32, 50)) — 매트릭스 기반 coverage는 대표물질이 전담 가능. 단, 개별 §2·3·9 실측값(물성 등)은 물질마다 달라 완전한 정보손실은 아님(사람 검토 시 고려)",MC027_g32-50,14977-61-8,32;50,"Halogenating Agents;Oxidizing Agents, Strong",True,False,0,0,,,,NO_DATA,2,True,True,False,,4,True,NOT_CHECKED,REVIEW,gold_pair.jsonl에 이 물질 관련 질의가 전혀 없어 retrieval 근거 자체가 없음(불확실 — 강제판정 안 함),0.56,0.53,0.44,0.29,False,2
7790-99-0,IODINE MONOCHLORIDE,MERGE_REDUNDANT,"대표물질 14977-61-8(PHASE3_KEEP_EMPIRICAL)과 동일 그룹조합((32, 50)) — 매트릭스 기반 coverage는 대표물질이 전담 가능. 단, 개별 §2·3·9 실측값(물성 등)은 물질마다 달라 완전한 정보손실은 아님(사람 검토 시 고려)",MC027_g32-50,14977-61-8,32;50,"Halogenating Agents;Oxidizing Agents, Strong",True,False,0,0,,,,NO_DATA,2,True,True,False,,4,True,NOT_CHECKED,REVIEW,gold_pair.jsonl에 이 물질 관련 질의가 전혀 없어 retrieval 근거 자체가 없음(불확실 — 강제판정 안 함),0.56,0.53,0.44,0.29,False,2
7791-21-1,CHLORINE MONOXIDE,MERGE_REDUNDANT,"대표물질 14977-61-8(PHASE3_KEEP_EMPIRICAL)과 동일 그룹조합((32, 50)) — 매트릭스 기반 coverage는 대표물질이 전담 가능. 단, 개별 §2·3·9 실측값(물성 등)은 물질마다 달라 완전한 정보손실은 아님(사람 검토 시 고려)",MC027_g32-50,14977-61-8,32;50,"Halogenating Agents;Oxidizing Agents, Strong",True,False,0,0,,,,NO_DATA,1,True,False,False,,4,True,NOT_CHECKED,REVIEW,gold_pair.jsonl에 이 물질 관련 질의가 전혀 없어 retrieval 근거 자체가 없음(불확실 — 강제판정 안 함),0.36,0.43,0.39,0.24,True,0
15699-18-0,NICKEL AMMONIUM SULFATE,MERGE_REDUNDANT,"대표물질 7803-55-6(PHASE3_KEEP_EMPIRICAL)과 동일 그룹조합((51, 60)) — 매트릭스 기반 coverage는 대표물질이 전담 가능. 단, 개별 §2·3·9 실측값(물성 등)은 물질마다 달라 완전한 정보손실은 아님(사람 검토 시 고려)",MC028_g51-60,7803-55-6,51;60,"Oxidizing Agents, Weak;Salts, Acidic",True,False,0,0,,,,NO_DATA,2,True,True,False,,2,True,NOT_CHECKED,REVIEW,gold_pair.jsonl에 이 물질 관련 질의가 전혀 없어 retrieval 근거 자체가 없음(불확실 — 강제판정 안 함),0.58,0.56,0.46,0.31,False,2
7787-41-9,BARIUM SELENATE,MERGE_REDUNDANT,"대표물질 13718-26-8(PHASE3_KEEP_EMPIRICAL)과 동일 그룹조합((51, 61)) — 매트릭스 기반 coverage는 대표물질이 전담 가능. 단, 개별 §2·3·9 실측값(물성 등)은 물질마다 달라 완전한 정보손실은 아님(사람 검토 시 고려)",MC029_g51-61,13718-26-8,51;61,"Oxidizing Agents, Weak;Salts, Basic",True,False,0,0,,,,NO_DATA,2,True,True,False,,2,True,NOT_CHECKED,REVIEW,gold_pair.jsonl에 이 물질 관련 질의가 전혀 없어 retrieval 근거 자체가 없음(불확실 — 강제판정 안 함),0.58,0.56,0.46,0.31,False,2
21651-19-4,TIN(II) OXIDE,MERGE_REDUNDANT,"대표물질 10049-05-5(PHASE3_KEEP_EMPIRICAL)과 동일 그룹조합((58,)) — 매트릭스 기반 coverage는 대표물질이 전담 가능. 단, 개별 §2·3·9 실측값(물성 등)은 물질마다 달라 완전한 정보손실은 아님(사람 검토 시 고려)",MC030_g58,10049-05-5,58,"Reducing Agents, Strong",True,False,0,0,,,,NO_DATA,2,True,True,False,,2,True,NOT_CHECKED,REVIEW,gold_pair.jsonl에 이 물질 관련 질의가 전혀 없어 retrieval 근거 자체가 없음(불확실 — 강제판정 안 함),0.58,0.56,0.46,0.31,False,2
5470-11-1,HYDROXYLAMINE HYDROCHLORIDE,MERGE_REDUNDANT,"대표물질 10039-54-0(PHASE3_KEEP_EMPIRICAL)과 동일 그룹조합((58, 60)) — 매트릭스 기반 coverage는 대표물질이 전담 가능. 단, 개별 §2·3·9 실측값(물성 등)은 물질마다 달라 완전한 정보손실은 아님(사람 검토 시 고려)",MC031_g58-60,10039-54-0,58;60,"Reducing Agents, Strong;Salts, Acidic",True,False,0,0,,,,NO_DATA,2,True,True,False,,4,True,NOT_CHECKED,REVIEW,gold_pair.jsonl에 이 물질 관련 질의가 전혀 없어 retrieval 근거 자체가 없음(불확실 — 강제판정 안 함),0.56,0.53,0.44,0.29,False,2
7772-99-8,"STANNOUS CHLORIDE, SOLID",MERGE_REDUNDANT,"대표물질 10039-54-0(PHASE3_KEEP_EMPIRICAL)과 동일 그룹조합((58, 60)) — 매트릭스 기반 coverage는 대표물질이 전담 가능. 단, 개별 §2·3·9 실측값(물성 등)은 물질마다 달라 완전한 정보손실은 아님(사람 검토 시 고려)",MC031_g58-60,10039-54-0,58;60,"Reducing Agents, Strong;Salts, Acidic",True,False,0,0,,,,NO_DATA,2,True,True,False,,4,True,NOT_CHECKED,REVIEW,gold_pair.jsonl에 이 물질 관련 질의가 전혀 없어 retrieval 근거 자체가 없음(불확실 — 강제판정 안 함),0.56,0.53,0.44,0.29,False,2
7803-65-8,AMMONIUM HYPOPHOSPHITE,MERGE_REDUNDANT,"대표물질 10039-54-0(PHASE3_KEEP_EMPIRICAL)과 동일 그룹조합((58, 60)) — 매트릭스 기반 coverage는 대표물질이 전담 가능. 단, 개별 §2·3·9 실측값(물성 등)은 물질마다 달라 완전한 정보손실은 아님(사람 검토 시 고려)",MC031_g58-60,10039-54-0,58;60,"Reducing Agents, Strong;Salts, Acidic",True,False,0,0,,,,NO_DATA,1,True,False,False,,4,True,NOT_CHECKED,REVIEW,gold_pair.jsonl에 이 물질 관련 질의가 전혀 없어 retrieval 근거 자체가 없음(불확실 — 강제판정 안 함),0.36,0.43,0.39,0.24,True,0
127-95-7,POTASSIUM HYDROGEN OXALATE,MERGE_REDUNDANT,"대표물질 10026-17-2(PHASE3_KEEP_EMPIRICAL)과 동일 그룹조합((59, 61)) — 매트릭스 기반 coverage는 대표물질이 전담 가능. 단, 개별 §2·3·9 실측값(물성 등)은 물질마다 달라 완전한 정보손실은 아님(사람 검토 시 고려)",MC032_g59-61,10026-17-2,59;61,"Reducing Agents, Weak;Salts, Basic",True,False,0,0,,,,NO_DATA,1,True,False,False,,6,True,NOT_CHECKED,REVIEW,gold_pair.jsonl에 이 물질 관련 질의가 전혀 없어 retrieval 근거 자체가 없음(불확실 — 강제판정 안 함),0.34,0.4,0.37,0.22,True,0
516-03-0,FERROUS OXALATE,MERGE_REDUNDANT,"대표물질 10026-17-2(PHASE3_KEEP_EMPIRICAL)과 동일 그룹조합((59, 61)) — 매트릭스 기반 coverage는 대표물질이 전담 가능. 단, 개별 §2·3·9 실측값(물성 등)은 물질마다 달라 완전한 정보손실은 아님(사람 검토 시 고려)",MC032_g59-61,10026-17-2,59;61,"Reducing Agents, Weak;Salts, Basic",True,False,0,0,,,,NO_DATA,1,True,False,False,,6,True,NOT_CHECKED,REVIEW,gold_pair.jsonl에 이 물질 관련 질의가 전혀 없어 retrieval 근거 자체가 없음(불확실 — 강제판정 안 함),0.34,0.4,0.37,0.22,True,0
62-76-0,SODIUM OXALATE,MERGE_REDUNDANT,"대표물질 10026-17-2(PHASE3_KEEP_EMPIRICAL)과 동일 그룹조합((59, 61)) — 매트릭스 기반 coverage는 대표물질이 전담 가능. 단, 개별 §2·3·9 실측값(물성 등)은 물질마다 달라 완전한 정보손실은 아님(사람 검토 시 고려)",MC032_g59-61,10026-17-2,59;61,"Reducing Agents, Weak;Salts, Basic",True,False,0,0,,,,NO_DATA,2,True,True,False,,6,True,NOT_CHECKED,REVIEW,gold_pair.jsonl에 이 물질 관련 질의가 전혀 없어 retrieval 근거 자체가 없음(불확실 — 강제판정 안 함),0.54,0.5,0.42,0.27,False,2
6487-48-5,POTASSIUM OXALATE MONOHYDRATE,MERGE_REDUNDANT,"대표물질 10026-17-2(PHASE3_KEEP_EMPIRICAL)과 동일 그룹조합((59, 61)) — 매트릭스 기반 coverage는 대표물질이 전담 가능. 단, 개별 §2·3·9 실측값(물성 등)은 물질마다 달라 완전한 정보손실은 아님(사람 검토 시 고려)",MC032_g59-61,10026-17-2,59;61,"Reducing Agents, Weak;Salts, Basic",True,False,0,0,,,,NO_DATA,2,True,True,False,,6,True,NOT_CHECKED,REVIEW,gold_pair.jsonl에 이 물질 관련 질의가 전혀 없어 retrieval 근거 자체가 없음(불확실 — 강제판정 안 함),0.54,0.5,0.42,0.27,False,2
7681-11-0,POTASSIUM IODIDE,MERGE_REDUNDANT,"대표물질 10026-17-2(PHASE3_KEEP_EMPIRICAL)과 동일 그룹조합((59, 61)) — 매트릭스 기반 coverage는 대표물질이 전담 가능. 단, 개별 §2·3·9 실측값(물성 등)은 물질마다 달라 완전한 정보손실은 아님(사람 검토 시 고려)",MC032_g59-61,10026-17-2,59;61,"Reducing Agents, Weak;Salts, Basic",True,False,0,0,,,,NO_DATA,2,True,True,False,,6,True,NOT_CHECKED,REVIEW,gold_pair.jsonl에 이 물질 관련 질의가 전혀 없어 retrieval 근거 자체가 없음(불확실 — 강제판정 안 함),0.54,0.5,0.42,0.27,False,2
1341-49-7,"AMMONIUM BIFLUORIDE, SOLID",MERGE_REDUNDANT,"대표물질 1333-83-1(PHASE3_KEEP_EMPIRICAL)과 동일 그룹조합((29, 60, 68)) — 매트릭스 기반 coverage는 대표물질이 전담 가능. 단, 개별 §2·3·9 실측값(물성 등)은 물질마다 달라 완전한 정보손실은 아님(사람 검토 시 고려)",MC033_g29-60-68,1333-83-1,29;60;68,"Fluoride Salts, Soluble;Salts, Acidic;Water and Aqueous Solutions",True,False,0,0,,,,NO_DATA,2,True,True,False,,3,True,NOT_CHECKED,REVIEW,gold_pair.jsonl에 이 물질 관련 질의가 전혀 없어 retrieval 근거 자체가 없음(불확실 — 강제판정 안 함),0.57,0.545,0.45,0.3,False,2
7789-29-9,POTASSIUM BIFLUORIDE,MERGE_REDUNDANT,"대표물질 1333-83-1(PHASE3_KEEP_EMPIRICAL)과 동일 그룹조합((29, 60, 68)) — 매트릭스 기반 coverage는 대표물질이 전담 가능. 단, 개별 §2·3·9 실측값(물성 등)은 물질마다 달라 완전한 정보손실은 아님(사람 검토 시 고려)",MC033_g29-60-68,1333-83-1,29;60;68,"Fluoride Salts, Soluble;Salts, Acidic;Water and Aqueous Solutions",True,False,0,0,,,,NO_DATA,2,True,True,False,,3,True,NOT_CHECKED,REVIEW,gold_pair.jsonl에 이 물질 관련 질의가 전혀 없어 retrieval 근거 자체가 없음(불확실 — 강제판정 안 함),0.57,0.545,0.45,0.3,False,2
13780-03-5,"CALCIUM HYDROGEN SULFITE, SOLUTION",MERGE_REDUNDANT,"대표물질 13774-25-9(PHASE3_KEEP_EMPIRICAL)과 동일 그룹조합((65, 68)) — 매트릭스 기반 coverage는 대표물질이 전담 가능. 단, 개별 §2·3·9 실측값(물성 등)은 물질마다 달라 완전한 정보손실은 아님(사람 검토 시 고려)",MC034_g65-68,13774-25-9,65;68,Sulfite and Thiosulfate Salts;Water and Aqueous Solutions,True,False,0,0,,,,NO_DATA,1,True,False,False,,4,True,NOT_CHECKED,REVIEW,gold_pair.jsonl에 이 물질 관련 질의가 전혀 없어 retrieval 근거 자체가 없음(불확실 — 강제판정 안 함),0.36,0.43,0.39,0.24,True,0
7631-90-5,SODIUM BISULFITE,MERGE_REDUNDANT,"대표물질 13774-25-9(PHASE3_KEEP_EMPIRICAL)과 동일 그룹조합((65, 68)) — 매트릭스 기반 coverage는 대표물질이 전담 가능. 단, 개별 §2·3·9 실측값(물성 등)은 물질마다 달라 완전한 정보손실은 아님(사람 검토 시 고려)",MC034_g65-68,13774-25-9,65;68,Sulfite and Thiosulfate Salts;Water and Aqueous Solutions,True,False,0,0,,,,NO_DATA,2,True,True,False,,4,True,NOT_CHECKED,REVIEW,gold_pair.jsonl에 이 물질 관련 질의가 전혀 없어 retrieval 근거 자체가 없음(불확실 — 강제판정 안 함),0.56,0.53,0.44,0.29,False,2
7773-03-7,POTASSIUM BISULFITE SOLUTION,MERGE_REDUNDANT,"대표물질 13774-25-9(PHASE3_KEEP_EMPIRICAL)과 동일 그룹조합((65, 68)) — 매트릭스 기반 coverage는 대표물질이 전담 가능. 단, 개별 §2·3·9 실측값(물성 등)은 물질마다 달라 완전한 정보손실은 아님(사람 검토 시 고려)",MC034_g65-68,13774-25-9,65;68,Sulfite and Thiosulfate Salts;Water and Aqueous Solutions,True,False,0,0,,,,NO_DATA,2,True,True,False,,4,True,NOT_CHECKED,REVIEW,gold_pair.jsonl에 이 물질 관련 질의가 전혀 없어 retrieval 근거 자체가 없음(불확실 — 강제판정 안 함),0.56,0.53,0.44,0.29,False,2
14708-14-6,NICKEL FLUOROBORATE,MERGE_REDUNDANT,"대표물질 13814-96-5(PHASE3_KEEP_EMPIRICAL)과 동일 그룹조합((47, 68)) — 매트릭스 기반 coverage는 대표물질이 전담 가능. 단, 개별 §2·3·9 실측값(물성 등)은 물질마다 달라 완전한 정보손실은 아님(사람 검토 시 고려)",MC035_g47-68,13814-96-5,47;68,Non-Redox-Active Inorganic Compounds;Water and Aqueous Solutions,True,False,0,0,,,,NO_DATA,2,True,True,False,,3,True,NOT_CHECKED,REVIEW,gold_pair.jsonl에 이 물질 관련 질의가 전혀 없어 retrieval 근거 자체가 없음(불확실 — 강제판정 안 함),0.57,0.545,0.45,0.3,False,2
38465-60-0,COPPER FLUOROBORATE,MERGE_REDUNDANT,"대표물질 13814-96-5(PHASE3_KEEP_EMPIRICAL)과 동일 그룹조합((47, 68)) — 매트릭스 기반 coverage는 대표물질이 전담 가능. 단, 개별 §2·3·9 실측값(물성 등)은 물질마다 달라 완전한 정보손실은 아님(사람 검토 시 고려)",MC035_g47-68,13814-96-5,47;68,Non-Redox-Active Inorganic Compounds;Water and Aqueous Solutions,True,False,0,0,,,,NO_DATA,2,True,True,False,,3,True,NOT_CHECKED,REVIEW,gold_pair.jsonl에 이 물질 관련 질의가 전혀 없어 retrieval 근거 자체가 없음(불확실 — 강제판정 안 함),0.57,0.545,0.45,0.3,False,2
151-50-8,POTASSIUM CYANIDE,MERGE_REDUNDANT,"대표물질 143-33-9(PHASE3_KEEP_EMPIRICAL)과 동일 그룹조합((19, 24, 68)) — 매트릭스 기반 coverage는 대표물질이 전담 가능. 단, 개별 §2·3·9 실측값(물성 등)은 물질마다 달라 완전한 정보손실은 아님(사람 검토 시 고려)",MC036_g19-24-68,143-33-9,19;24;68,"Bases, Weak;Cyanides, Inorganic;Water and Aqueous Solutions",True,False,0,0,,,,NO_DATA,2,True,True,False,,2,True,NOT_CHECKED,REVIEW,gold_pair.jsonl에 이 물질 관련 질의가 전혀 없어 retrieval 근거 자체가 없음(불확실 — 강제판정 안 함),0.58,0.56,0.46,0.31,False,2
16961-83-4,FLUOROSILICIC ACID,MERGE_REDUNDANT,"대표물질 16940-81-1(PHASE3_KEEP_EMPIRICAL)과 동일 그룹조합((3, 29, 68)) — 매트릭스 기반 coverage는 대표물질이 전담 가능. 단, 개별 §2·3·9 실측값(물성 등)은 물질마다 달라 완전한 정보손실은 아님(사람 검토 시 고려)",MC037_g3-29-68,16940-81-1,3;29;68,"Acids, Strong Non-oxidizing;Fluoride Salts, Soluble;Water and Aqueous Solutions",True,False,0,0,,,,NO_DATA,2,True,True,False,,2,True,NOT_CHECKED,REVIEW,gold_pair.jsonl에 이 물질 관련 질의가 전혀 없어 retrieval 근거 자체가 없음(불확실 — 강제판정 안 함),0.58,0.56,0.46,0.31,False,2
3025-88-5,"2,5-DIMETHYL-2,5-DIHYDROPEROXY HEXANE, NOT MORE THAN 82% WITH WATER",MERGE_REDUNDANT,"대표물질 110-22-5(PHASE3_KEEP_EMPIRICAL)과 동일 그룹조합((53, 68)) — 매트릭스 기반 coverage는 대표물질이 전담 가능. 단, 개별 §2·3·9 실측값(물성 등)은 물질마다 달라 완전한 정보손실은 아님(사람 검토 시 고려)",MC038_g53-68,110-22-5,53;68,"Peroxides, Organic;Water and Aqueous Solutions",True,False,0,0,,,,NO_DATA,2,True,True,False,,2,True,NOT_CHECKED,REVIEW,gold_pair.jsonl에 이 물질 관련 질의가 전혀 없어 retrieval 근거 자체가 없음(불확실 — 강제판정 안 함),0.58,0.56,0.46,0.31,False,2
7783-18-8,AMMONIUM THIOSULFATE,MERGE_REDUNDANT,"대표물질 10192-30-0(PHASE3_KEEP_EMPIRICAL)과 동일 그룹조합((60, 65, 68)) — 매트릭스 기반 coverage는 대표물질이 전담 가능. 단, 개별 §2·3·9 실측값(물성 등)은 물질마다 달라 완전한 정보손실은 아님(사람 검토 시 고려)",MC039_g60-65-68,10192-30-0,60;65;68,"Salts, Acidic;Sulfite and Thiosulfate Salts;Water and Aqueous Solutions",True,False,0,0,,,,NO_DATA,2,True,True,False,,2,True,NOT_CHECKED,REVIEW,gold_pair.jsonl에 이 물질 관련 질의가 전혀 없어 retrieval 근거 자체가 없음(불확실 — 강제판정 안 함),0.58,0.56,0.46,0.31,False,2
7788-97-8,"CHROMIC FLUORIDE, SOLID",MERGE_REDUNDANT,"대표물질 7681-49-4(PHASE3_KEEP_EMPIRICAL)과 동일 그룹조합((61, 68)) — 매트릭스 기반 coverage는 대표물질이 전담 가능. 단, 개별 §2·3·9 실측값(물성 등)은 물질마다 달라 완전한 정보손실은 아님(사람 검토 시 고려)",MC040_g61-68,7681-49-4,61;68,"Salts, Basic;Water and Aqueous Solutions",True,False,0,0,,,,NO_DATA,2,True,True,False,,2,True,NOT_CHECKED,REVIEW,gold_pair.jsonl에 이 물질 관련 질의가 전혀 없어 retrieval 근거 자체가 없음(불확실 — 강제판정 안 함),0.58,0.56,0.46,0.31,False,2
78-18-2,1-HYDROXY-1&#39;-HYDROPEROXY DICYCLOHEXYL PEROXIDE,MERGE_REDUNDANT,"대표물질 12262-58-7(PHASE3_KEEP_EMPIRICAL)과 동일 그룹조합((1, 8, 53, 68)) — 매트릭스 기반 coverage는 대표물질이 전담 가능. 단, 개별 §2·3·9 실측값(물성 등)은 물질마다 달라 완전한 정보손실은 아님(사람 검토 시 고려)",MC041_g1-8-53-68,12262-58-7,1;8;53;68,"Acetals, Ketals, Hemiacetals, and Hemiketals;Alcohols and Polyols;Peroxides, Organic;Water and Aqueous Solutions",True,False,0,0,,,,NO_DATA,2,True,True,True,1,2,True,NOT_CHECKED,RETAIN_COVERAGE,259 기준 재계산 시 소속 그룹(1)이 신규로 대표물질 <=2종(누적 제거 효과) — 개별판단이 놓친 부분,0.98,0.76,0.56,0.91,True,4
