cas,chemical_name,wave,original_status,phase4_status,merge_cluster_id,representative_cas,independent_evidence,section10_evidence,marginal_coverage,reason,confidence
100-07-2,4-METHOXYBENZOYL CHLORIDE,wave1,UNSUPPORTED,REMOVE_CONFIRMED,,103-80-0,False,no_data,none(non-sole-group-member),"동일 그룹조합((7,)) 대표물질 103-80-0(PHASE3_KEEP_EMPIRICAL)이 이미 확정 KEEP — 제거해도 그룹/매트릭스 coverage 불변(수학적 보장), §10 실질근거도 없음",high
3486-35-9,ZINC CARBONATE,wave1,UNSUPPORTED,REMOVE_CONFIRMED,,1317-65-3,False,no_data,none(non-sole-group-member),"동일 그룹조합((21,)) 대표물질 1317-65-3(PHASE3_KEEP_EMPIRICAL)이 이미 확정 KEEP — 제거해도 그룹/매트릭스 coverage 불변(수학적 보장), §10 실질근거도 없음",high
10031-87-5,2-ETHYLBUTYL ACETATE,wave1,UNSUPPORTED,REMOVE_CONFIRMED,,103-23-1,False,no_data,none(non-sole-group-member),"동일 그룹조합((27,)) 대표물질 103-23-1(PHASE3_KEEP_EMPIRICAL)이 이미 확정 KEEP — 제거해도 그룹/매트릭스 coverage 불변(수학적 보장), §10 실질근거도 없음",high
102-16-9,BENZYL PHENYLACETATE,wave1,UNSUPPORTED,REMOVE_CONFIRMED,,103-23-1,False,no_data,none(non-sole-group-member),"동일 그룹조합((27,)) 대표물질 103-23-1(PHASE3_KEEP_EMPIRICAL)이 이미 확정 KEEP — 제거해도 그룹/매트릭스 coverage 불변(수학적 보장), §10 실질근거도 없음",high
103-09-3,ETHYLHEXYL ACETATE,wave1,UNSUPPORTED,REMOVE_CONFIRMED,,103-23-1,False,no_data,none(non-sole-group-member),"동일 그룹조합((27,)) 대표물질 103-23-1(PHASE3_KEEP_EMPIRICAL)이 이미 확정 KEEP — 제거해도 그룹/매트릭스 coverage 불변(수학적 보장), §10 실질근거도 없음",high
107-81-3,2-BROMOPENTANE,wave1,REVIEW,REMOVE_CONFIRMED,,107-04-0,False,,none(non-sole-group-member),"동일 그룹조합((31,)) 대표물질 107-04-0(PHASE3_KEEP_EMPIRICAL)이 이미 확정 KEEP — 제거해도 그룹/매트릭스 coverage 불변(수학적 보장), §10 실질근거도 없음",high
1338-02-9,COPPER NAPHTHENATE,wave1,UNSUPPORTED,REMOVE_CONFIRMED,,151-21-3,False,no_data,none(non-sole-group-member),"동일 그룹조합((33, 61)) 대표물질 151-21-3(PHASE3_KEEP_EMPIRICAL)이 이미 확정 KEEP — 제거해도 그룹/매트릭스 coverage 불변(수학적 보장), §10 실질근거도 없음",high
110-13-4,"2,5-HEXANEDIONE",wave1,UNSUPPORTED,REMOVE_CONFIRMED,,106-51-4,False,no_data,none(non-sole-group-member),"동일 그룹조합((38,)) 대표물질 106-51-4(PHASE3_KEEP_EMPIRICAL)이 이미 확정 KEEP — 제거해도 그룹/매트릭스 coverage 불변(수학적 보장), §10 실질근거도 없음",high
7440-09-7,POTASSIUM,wave1,REVIEW,REMOVE_CONFIRMED,,7439-93-2,False,no_data,none(non-sole-group-member),"동일 그룹조합((40,)) 대표물질 7439-93-2(PHASE3_KEEP_EMPIRICAL)이 이미 확정 KEEP — 제거해도 그룹/매트릭스 coverage 불변(수학적 보장), §10 실질근거도 없음",high
10124-48-8,MERCURY AMMONIUM CHLORIDE,wave1,UNSUPPORTED,REMOVE_CONFIRMED,,10112-91-1,False,no_data,none(non-sole-group-member),"동일 그룹조합((42, 47)) 대표물질 10112-91-1(PHASE3_KEEP_EMPIRICAL)이 이미 확정 KEEP — 제거해도 그룹/매트릭스 coverage 불변(수학적 보장), §10 실질근거도 없음",high
10294-26-5,SILVER SULFATE,wave1,UNSUPPORTED,REMOVE_CONFIRMED,,10112-91-1,False,no_data,none(non-sole-group-member),"동일 그룹조합((42, 47)) 대표물질 10112-91-1(PHASE3_KEEP_EMPIRICAL)이 이미 확정 KEEP — 제거해도 그룹/매트릭스 coverage 불변(수학적 보장), §10 실질근거도 없음",high
1304-82-1,BISMUTH TELLURIDE,wave1,UNSUPPORTED,REMOVE_CONFIRMED,,7439-92-1,False,no_data,none(non-sole-group-member),"동일 그룹조합((42,)) 대표물질 7439-92-1(PHASE3_KEEP_EMPIRICAL)이 이미 확정 KEEP — 제거해도 그룹/매트릭스 coverage 불변(수학적 보장), §10 실질근거도 없음",high
1002-89-7,AMMONIUM STEARATE,wave1,UNSUPPORTED,REMOVE_CONFIRMED,,10361-37-2,False,no_data,none(non-sole-group-member),"동일 그룹조합((47,)) 대표물질 10361-37-2(PHASE1_KEEP_MANDATORY)이 이미 확정 KEEP — 제거해도 그룹/매트릭스 coverage 불변(수학적 보장), §10 실질근거도 없음",high
10025-73-7,CHROMIC CHLORIDE,wave1,UNSUPPORTED,REMOVE_CONFIRMED,,10361-37-2,False,no_data,none(non-sole-group-member),"동일 그룹조합((47,)) 대표물질 10361-37-2(PHASE1_KEEP_MANDATORY)이 이미 확정 KEEP — 제거해도 그룹/매트릭스 coverage 불변(수학적 보장), §10 실질근거도 없음",high
10101-63-0,LEAD IODIDE,wave1,UNSUPPORTED,REMOVE_CONFIRMED,,10361-37-2,False,no_data,none(non-sole-group-member),"동일 그룹조합((47,)) 대표물질 10361-37-2(PHASE1_KEEP_MANDATORY)이 이미 확정 KEEP — 제거해도 그룹/매트릭스 coverage 불변(수학적 보장), §10 실질근거도 없음",high
10102-50-8,FERROUS ARSENATE,wave1,UNSUPPORTED,REMOVE_CONFIRMED,,10361-37-2,False,no_data,none(non-sole-group-member),"동일 그룹조합((47,)) 대표물질 10361-37-2(PHASE1_KEEP_MANDATORY)이 이미 확정 KEEP — 제거해도 그룹/매트릭스 coverage 불변(수학적 보장), §10 실질근거도 없음",high
13007-92-6,CHROMIUM CARBONYL,wave1,REVIEW,REVIEW_REQUIRED,,1271-28-9,False,no_data,none(non-sole-group-member),대체물질로 지목된 1271-28-9(PHASE3_REVIEW) 역시 §10 실질근거가 없는 REVIEW급 — cluster 전체가 근거 빈약해 자동 제거 확정 보류,low
10034-82-9,SODIUM CHROMATE TETRAHYDRATE,wave1,UNSUPPORTED,REMOVE_CONFIRMED,,14018-95-2,False,no_data,none(non-sole-group-member),"동일 그룹조합((50, 61)) 대표물질 14018-95-2(PHASE3_KEEP_EMPIRICAL)이 이미 확정 KEEP — 제거해도 그룹/매트릭스 coverage 불변(수학적 보장), §10 실질근거도 없음",high
10048-95-0,SODIUM ARSENATE HEPTAHYDRATE,wave1,UNSUPPORTED,REMOVE_CONFIRMED,,13718-26-8,False,no_data,none(non-sole-group-member),"동일 그룹조합((51, 61)) 대표물질 13718-26-8(PHASE3_KEEP_EMPIRICAL)이 이미 확정 KEEP — 제거해도 그룹/매트릭스 coverage 불변(수학적 보장), §10 실질근거도 없음",high
10102-49-5,FERRIC ARSENATE,wave1,UNSUPPORTED,REMOVE_CONFIRMED,,13718-26-8,False,no_data,none(non-sole-group-member),"동일 그룹조합((51, 61)) 대표물질 13718-26-8(PHASE3_KEEP_EMPIRICAL)이 이미 확정 KEEP — 제거해도 그룹/매트릭스 coverage 불변(수학적 보장), §10 실질근거도 없음",high
101-02-0,TRIPHENYL PHOSPHITE,wave1,UNSUPPORTED,REMOVE_CONFIRMED,,301-13-3,False,no_data,none(non-sole-group-member),"동일 그룹조합((59, 66)) 대표물질 301-13-3(PHASE3_KEEP_EMPIRICAL)이 이미 확정 KEEP — 제거해도 그룹/매트릭스 coverage 불변(수학적 보장), §10 실질근거도 없음",high
10102-20-2,SODIUM TELLURITE,wave1,UNSUPPORTED,REMOVE_CONFIRMED,,10026-17-2,False,no_data,none(non-sole-group-member),"동일 그룹조합((59, 61)) 대표물질 10026-17-2(PHASE3_KEEP_EMPIRICAL)이 이미 확정 KEEP — 제거해도 그룹/매트릭스 coverage 불변(수학적 보장), §10 실질근거도 없음",high
10431-47-7,POTASSIUM SELENITE,wave1,UNSUPPORTED,REMOVE_CONFIRMED,,13718-59-7,False,no_data,none(non-sole-group-member),"동일 그룹조합((65,)) 대표물질 13718-59-7(PHASE3_KEEP_EMPIRICAL)이 이미 확정 KEEP — 제거해도 그룹/매트릭스 coverage 불변(수학적 보장), §10 실질근거도 없음",high
7440-23-5,SODIUM,wave2,DUPLICATE,REMOVE_CONFIRMED,,7439-93-2,False,no_data,none(non-sole-group-member),"동일 그룹조합((40,)) 대표물질 7439-93-2(PHASE3_KEEP_EMPIRICAL)이 이미 확정 KEEP — 제거해도 그룹/매트릭스 coverage 불변(수학적 보장), §10 실질근거도 없음",high
7440-43-9,CADMIUM,wave2,DUPLICATE,REMOVE_CONFIRMED,,7440-47-3,False,no_data,none(non-sole-group-member),"동일 그룹조합((41,)) 대표물질 7440-47-3(PHASE3_KEEP_EMPIRICAL)이 이미 확정 KEEP — 제거해도 그룹/매트릭스 coverage 불변(수학적 보장), §10 실질근거도 없음",high
7440-62-2,VANADIUM (FUME OR DUST),wave2,DUPLICATE,REMOVE_CONFIRMED,,7440-47-3,False,no_data,none(non-sole-group-member),"동일 그룹조합((41,)) 대표물질 7440-47-3(PHASE3_KEEP_EMPIRICAL)이 이미 확정 KEEP — 제거해도 그룹/매트릭스 coverage 불변(수학적 보장), §10 실질근거도 없음",high
7782-49-2,SELENIUM POWDER,wave2,DUPLICATE,REMOVE_CONFIRMED,,7440-47-3,False,no_data,none(non-sole-group-member),"동일 그룹조합((41,)) 대표물질 7440-47-3(PHASE3_KEEP_EMPIRICAL)이 이미 확정 KEEP — 제거해도 그룹/매트릭스 coverage 불변(수학적 보장), §10 실질근거도 없음",high
13494-80-9,TELLURIUM,wave2,REVIEW,REMOVE_CONFIRMED,,7439-92-1,False,no_data,none(non-sole-group-member),"동일 그룹조합((42,)) 대표물질 7439-92-1(PHASE3_KEEP_EMPIRICAL)이 이미 확정 KEEP — 제거해도 그룹/매트릭스 coverage 불변(수학적 보장), §10 실질근거도 없음",high
21908-53-2,"MERCURIC OXIDE, [SOLID]",wave2,DUPLICATE,REVIEW_REQUIRED,,15829-53-5,False,no_data,none(non-sole-group-member),대체물질로 지목된 15829-53-5(PHASE3_REVIEW) 역시 §10 실질근거가 없는 REVIEW급 — cluster 전체가 근거 빈약해 자동 제거 확정 보류,low
7440-28-0,THALLIUM,wave2,DUPLICATE,REMOVE_CONFIRMED,,7439-92-1,False,no_data,none(non-sole-group-member),"동일 그룹조합((42,)) 대표물질 7439-92-1(PHASE3_KEEP_EMPIRICAL)이 이미 확정 KEEP — 제거해도 그룹/매트릭스 coverage 불변(수학적 보장), §10 실질근거도 없음",high
7440-38-2,ARSENIC,wave2,DUPLICATE,REMOVE_CONFIRMED,,7439-92-1,False,no_data,none(non-sole-group-member),"동일 그룹조합((42,)) 대표물질 7439-92-1(PHASE3_KEEP_EMPIRICAL)이 이미 확정 KEEP — 제거해도 그룹/매트릭스 coverage 불변(수학적 보장), §10 실질근거도 없음",high
7440-55-3,GALLIUM,wave2,DUPLICATE,REMOVE_CONFIRMED,,7439-92-1,False,no_data,none(non-sole-group-member),"동일 그룹조합((42,)) 대표물질 7439-92-1(PHASE3_KEEP_EMPIRICAL)이 이미 확정 KEEP — 제거해도 그룹/매트릭스 coverage 불변(수학적 보장), §10 실질근거도 없음",high
7783-33-7,"MERCURIC POTASSIUM IODIDE, [SOLID]",wave2,DUPLICATE,REMOVE_CONFIRMED,,7487-94-7,False,no_data,none(non-sole-group-member),"동일 그룹조합((42, 60)) 대표물질 7487-94-7(PHASE3_KEEP_EMPIRICAL)이 이미 확정 KEEP — 제거해도 그룹/매트릭스 coverage 불변(수학적 보장), §10 실질근거도 없음",high
7783-35-9,MERCURIC SULFATE,wave2,DUPLICATE,REMOVE_CONFIRMED,,7487-94-7,False,no_data,none(non-sole-group-member),"동일 그룹조합((42, 60)) 대표물질 7487-94-7(PHASE3_KEEP_EMPIRICAL)이 이미 확정 KEEP — 제거해도 그룹/매트릭스 coverage 불변(수학적 보장), §10 실질근거도 없음",high
7783-36-0,MERCUROUS SULFATE,wave2,DUPLICATE,REMOVE_CONFIRMED,,7487-94-7,False,no_data,none(non-sole-group-member),"동일 그룹조합((42, 60)) 대표물질 7487-94-7(PHASE3_KEEP_EMPIRICAL)이 이미 확정 KEEP — 제거해도 그룹/매트릭스 coverage 불변(수학적 보장), §10 실질근거도 없음",high
10326-21-3,MAGNESIUM CHLORATE,wave2,REVIEW,REMOVE_CONFIRMED,,20816-12-0,False,no_data,none(non-sole-group-member),"동일 그룹조합((50,)) 대표물질 20816-12-0(PHASE3_KEEP_EMPIRICAL)이 이미 확정 KEEP — 제거해도 그룹/매트릭스 coverage 불변(수학적 보장), §10 실질근거도 없음",high
10361-95-2,ZINC CHLORATE,wave2,DUPLICATE,REMOVE_CONFIRMED,,20816-12-0,False,no_data,none(non-sole-group-member),"동일 그룹조합((50,)) 대표물질 20816-12-0(PHASE3_KEEP_EMPIRICAL)이 이미 확정 KEEP — 제거해도 그룹/매트릭스 coverage 불변(수학적 보장), §10 실질근거도 없음",high
1313-60-6,SODIUM PEROXIDE,wave2,REVIEW,REMOVE_CONFIRMED,,17014-71-0,False,no_data,none(non-sole-group-member),"동일 그룹조합((18, 50)) 대표물질 17014-71-0(PHASE3_KEEP_EMPIRICAL)이 이미 확정 KEEP — 제거해도 그룹/매트릭스 coverage 불변(수학적 보장), §10 실질근거도 없음",high
1314-62-1,VANADIUM PENTOXIDE,wave2,REVIEW,REMOVE_CONFIRMED,,13446-10-1,False,no_data,none(non-sole-group-member),"동일 그룹조합((50, 60)) 대표물질 13446-10-1(PHASE3_KEEP_EMPIRICAL)이 이미 확정 KEEP — 제거해도 그룹/매트릭스 coverage 불변(수학적 보장), §10 실질근거도 없음",high
13530-65-9,ZINC CHROMATE,wave2,DUPLICATE,REMOVE_CONFIRMED,,14018-95-2,False,no_data,none(non-sole-group-member),"동일 그룹조합((50, 61)) 대표물질 14018-95-2(PHASE3_KEEP_EMPIRICAL)이 이미 확정 KEEP — 제거해도 그룹/매트릭스 coverage 불변(수학적 보장), §10 실질근거도 없음",high
13765-19-0,CALCIUM CHROMATE,wave2,DUPLICATE,REMOVE_CONFIRMED,,14018-95-2,False,no_data,none(non-sole-group-member),"동일 그룹조합((50, 61)) 대표물질 14018-95-2(PHASE3_KEEP_EMPIRICAL)이 이미 확정 KEEP — 제거해도 그룹/매트릭스 coverage 불변(수학적 보장), §10 실질근거도 없음",high
14519-07-4,ZINC BROMATE,wave2,DUPLICATE,REMOVE_CONFIRMED,,20816-12-0,False,no_data,none(non-sole-group-member),"동일 그룹조합((50,)) 대표물질 20816-12-0(PHASE3_KEEP_EMPIRICAL)이 이미 확정 KEEP — 제거해도 그룹/매트릭스 coverage 불변(수학적 보장), §10 실질근거도 없음",high
23414-72-4,ZINC PERMANGANATE,wave2,DUPLICATE,REMOVE_CONFIRMED,,20816-12-0,False,no_data,none(non-sole-group-member),"동일 그룹조합((50,)) 대표물질 20816-12-0(PHASE3_KEEP_EMPIRICAL)이 이미 확정 KEEP — 제거해도 그룹/매트릭스 coverage 불변(수학적 보장), §10 실질근거도 없음",high
2893-78-9,SODIUM DICHLORO-S-TRIAZINETRIONE,wave2,DUPLICATE,REMOVE_CONFIRMED,,2244-21-5,False,no_data,none(non-sole-group-member),"동일 그룹조합((7, 32, 50, 60)) 대표물질 2244-21-5(PHASE3_KEEP_EMPIRICAL)이 이미 확정 KEEP — 제거해도 그룹/매트릭스 coverage 불변(수학적 보장), §10 실질근거도 없음",high
507-40-4,TERT-BUTYL HYPOCHLORITE,wave2,DUPLICATE,REMOVE_CONFIRMED,,20816-12-0,False,,none(non-sole-group-member),"동일 그룹조합((50,)) 대표물질 20816-12-0(PHASE3_KEEP_EMPIRICAL)이 이미 확정 KEEP — 제거해도 그룹/매트릭스 coverage 불변(수학적 보장), §10 실질근거도 없음",high
546-67-8,LEAD TETRAACETATE,wave2,DUPLICATE,REMOVE_CONFIRMED,,20816-12-0,False,no_data,none(non-sole-group-member),"동일 그룹조합((50,)) 대표물질 20816-12-0(PHASE3_KEEP_EMPIRICAL)이 이미 확정 KEEP — 제거해도 그룹/매트릭스 coverage 불변(수학적 보장), §10 실질근거도 없음",high
7775-11-3,SODIUM CHROMATE,wave2,DUPLICATE,REMOVE_CONFIRMED,,7778-66-7,False,no_data,none(non-sole-group-member),"동일 그룹조합((50, 61, 68)) 대표물질 7778-66-7(PHASE3_KEEP_EMPIRICAL)이 이미 확정 KEEP — 제거해도 그룹/매트릭스 coverage 불변(수학적 보장), §10 실질근거도 없음",high
7778-50-9,POTASSIUM BICHROMATE,wave2,DUPLICATE,REMOVE_CONFIRMED,,14018-95-2,False,no_data,none(non-sole-group-member),"동일 그룹조합((50, 61)) 대표물질 14018-95-2(PHASE3_KEEP_EMPIRICAL)이 이미 확정 KEEP — 제거해도 그룹/매트릭스 coverage 불변(수학적 보장), §10 실질근거도 없음",high
7778-74-7,POTASSIUM PERCHLORATE,wave2,DUPLICATE,REMOVE_CONFIRMED,,20816-12-0,False,no_data,none(non-sole-group-member),"동일 그룹조합((50,)) 대표물질 20816-12-0(PHASE3_KEEP_EMPIRICAL)이 이미 확정 KEEP — 제거해도 그룹/매트릭스 coverage 불변(수학적 보장), §10 실질근거도 없음",high
7789-00-6,POTASSIUM CHROMATE,wave2,DUPLICATE,REMOVE_CONFIRMED,,14018-95-2,False,no_data,none(non-sole-group-member),"동일 그룹조합((50, 61)) 대표물질 14018-95-2(PHASE3_KEEP_EMPIRICAL)이 이미 확정 KEEP — 제거해도 그룹/매트릭스 coverage 불변(수학적 보장), §10 실질근거도 없음",high
7791-10-8,STRONTIUM CHLORATE,wave2,DUPLICATE,REMOVE_CONFIRMED,,20816-12-0,False,no_data,none(non-sole-group-member),"동일 그룹조합((50,)) 대표물질 20816-12-0(PHASE3_KEEP_EMPIRICAL)이 이미 확정 KEEP — 제거해도 그룹/매트릭스 coverage 불변(수학적 보장), §10 실질근거도 없음",high
87-90-1,"TRICHLORO-S-TRIAZINETRIONE, DRY",wave2,DUPLICATE,REMOVE_CONFIRMED,,2244-21-5,False,no_data,none(non-sole-group-member),"동일 그룹조합((7, 32, 50, 60)) 대표물질 2244-21-5(PHASE3_KEEP_EMPIRICAL)이 이미 확정 KEEP — 제거해도 그룹/매트릭스 coverage 불변(수학적 보장), §10 실질근거도 없음",high
13410-01-0,SODIUM SELENATE,wave2,REVIEW,REMOVE_CONFIRMED,,13718-26-8,False,no_data,none(non-sole-group-member),"동일 그룹조합((51, 61)) 대표물질 13718-26-8(PHASE3_KEEP_EMPIRICAL)이 이미 확정 KEEP — 제거해도 그룹/매트릭스 coverage 불변(수학적 보장), §10 실질근거도 없음",high
13769-43-2,POTASSIUM METAVANADATE,wave2,DUPLICATE,REMOVE_CONFIRMED,,13718-26-8,False,no_data,none(non-sole-group-member),"동일 그룹조합((51, 61)) 대표물질 13718-26-8(PHASE3_KEEP_EMPIRICAL)이 이미 확정 KEEP — 제거해도 그룹/매트릭스 coverage 불변(수학적 보장), §10 실질근거도 없음",high
14019-91-1,CALCIUM SELENATE,wave2,DUPLICATE,REMOVE_CONFIRMED,,13718-26-8,False,no_data,none(non-sole-group-member),"동일 그룹조합((51, 61)) 대표물질 13718-26-8(PHASE3_KEEP_EMPIRICAL)이 이미 확정 KEEP — 제거해도 그룹/매트릭스 coverage 불변(수학적 보장), §10 실질근거도 없음",high
7631-89-2,SODIUM ARSENATE,wave2,DUPLICATE,REMOVE_CONFIRMED,,13718-26-8,False,no_data,none(non-sole-group-member),"동일 그룹조합((51, 61)) 대표물질 13718-26-8(PHASE3_KEEP_EMPIRICAL)이 이미 확정 KEEP — 제거해도 그룹/매트릭스 coverage 불변(수학적 보장), §10 실질근거도 없음",high
7778-44-1,CALCIUM ARSENATE,wave2,DUPLICATE,REMOVE_CONFIRMED,,13718-26-8,False,no_data,none(non-sole-group-member),"동일 그룹조합((51, 61)) 대표물질 13718-26-8(PHASE3_KEEP_EMPIRICAL)이 이미 확정 KEEP — 제거해도 그룹/매트릭스 coverage 불변(수학적 보장), §10 실질근거도 없음",high
7784-37-4,MERCURIC ARSENATE,wave2,DUPLICATE,REMOVE_CONFIRMED,,13718-26-8,False,no_data,none(non-sole-group-member),"동일 그룹조합((51, 61)) 대표물질 13718-26-8(PHASE3_KEEP_EMPIRICAL)이 이미 확정 KEEP — 제거해도 그룹/매트릭스 coverage 불변(수학적 보장), §10 실질근거도 없음",high
7784-44-3,AMMONIUM ARSENATE,wave2,DUPLICATE,REMOVE_CONFIRMED,,7803-55-6,False,no_data,none(non-sole-group-member),"동일 그룹조합((51, 60)) 대표물질 7803-55-6(PHASE3_KEEP_EMPIRICAL)이 이미 확정 KEEP — 제거해도 그룹/매트릭스 coverage 불변(수학적 보장), §10 실질근거도 없음",high
7790-59-2,POTASSIUM SELENATE,wave2,DUPLICATE,REMOVE_CONFIRMED,,13718-26-8,False,no_data,none(non-sole-group-member),"동일 그룹조합((51, 61)) 대표물질 13718-26-8(PHASE3_KEEP_EMPIRICAL)이 이미 확정 KEEP — 제거해도 그룹/매트릭스 coverage 불변(수학적 보장), §10 실질근거도 없음",high
592-87-0,LEAD THIOCYANATE,wave2,DUPLICATE,REVIEW_REQUIRED,,592-85-8,False,no_data,none(non-sole-group-member),대체물질로 지목된 592-85-8(PHASE3_REVIEW) 역시 §10 실질근거가 없는 REVIEW급 — cluster 전체가 근거 빈약해 자동 제거 확정 보류,low
7704-34-9,"SULFUR, MOLTEN",wave2,DUPLICATE,REMOVE_CONFIRMED,,10049-05-5,False,no_data,none(non-sole-group-member),"동일 그룹조합((58,)) 대표물질 10049-05-5(PHASE3_KEEP_EMPIRICAL)이 이미 확정 KEEP — 제거해도 그룹/매트릭스 coverage 불변(수학적 보장), §10 실질근거도 없음",high
7782-42-5,GRAPHITE (NATURAL),wave2,REVIEW,REVIEW_REQUIRED,,1333-86-4,False,no_data,none(non-sole-group-member),대체물질로 지목된 1333-86-4(PHASE3_REVIEW) 역시 §10 실질근거가 없는 REVIEW급 — cluster 전체가 근거 빈약해 자동 제거 확정 보류,low
121-82-4,"CYCLOTRIMETHYLENE TRINITRAMINE, [DESENSITIZED]",wave2,REVIEW,REVIEW_REQUIRED,,100-16-3,False,no_data,none(non-sole-group-member),대체물질로 지목된 100-16-3(PHASE3_REVIEW) 역시 §10 실질근거가 없는 REVIEW급 — cluster 전체가 근거 빈약해 자동 제거 확정 보류,low
137-41-7,POTASSIUM N-METHYLDITHIOCARBAMATE,wave2,DUPLICATE,REVIEW_REQUIRED,,128-03-0,False,no_data,none(non-sole-group-member),대체물질로 지목된 128-03-0(PHASE3_REVIEW) 역시 §10 실질근거가 없는 REVIEW급 — cluster 전체가 근거 빈약해 자동 제거 확정 보류,low
137-42-8,"METAM SODIUM (COMPOUNDS, WEED, KILLING, LIQUID)",wave2,DUPLICATE,REVIEW_REQUIRED,,128-03-0,False,no_data,none(non-sole-group-member),대체물질로 지목된 128-03-0(PHASE3_REVIEW) 역시 §10 실질근거가 없는 REVIEW급 — cluster 전체가 근거 빈약해 자동 제거 확정 보류,low
15825-70-4,"MANITOL HEXANITRATE, [WET WITH &gt;= 40 % WATER OR MIXTURE OF ALCOHOL AND WATER]",wave2,DUPLICATE,REVIEW_REQUIRED,,118-96-7,False,no_data,none(non-sole-group-member),대체물질로 지목된 118-96-7(PHASE3_REVIEW) 역시 §10 실질근거가 없는 REVIEW급 — cluster 전체가 근거 빈약해 자동 제거 확정 보류,low
22397-33-7,"3,3,6,6,9,9-HEXAMETHYL-1,2,4,5-TETRAOXACYCLONONANE",wave2,DUPLICATE,REMOVE_CONFIRMED,,110-22-5,False,no_data,none(non-sole-group-member),"동일 그룹조합((53, 68)) 대표물질 110-22-5(PHASE3_KEEP_EMPIRICAL)이 이미 확정 KEEP — 제거해도 그룹/매트릭스 coverage 불변(수학적 보장), §10 실질근거도 없음",high
2691-41-0,"CYCLOTETRAMETHYLENE TETRANITRAMINE, [WET WITH &gt;= 10% WATER]",wave2,DUPLICATE,REVIEW_REQUIRED,,100-16-3,False,no_data,none(non-sole-group-member),대체물질로 지목된 100-16-3(PHASE3_REVIEW) 역시 §10 실질근거가 없는 REVIEW급 — cluster 전체가 근거 빈약해 자동 제거 확정 보류,low
628-86-4,"MERCURY FULMINATE, [WET]",wave2,DUPLICATE,REVIEW_REQUIRED,,57-12-5,False,no_data,none(non-sole-group-member),대체물질로 지목된 57-12-5(PHASE3_REVIEW) 역시 §10 실질근거가 없는 REVIEW급 — cluster 전체가 근거 빈약해 자동 제거 확정 보류,low
65-30-5,"NICOTINE SULFATE, SOLID",wave2,DUPLICATE,REMOVE_CONFIRMED,,13826-88-5,False,no_data,none(non-sole-group-member),"동일 그룹조합((60, 68)) 대표물질 13826-88-5(PHASE3_KEEP_EMPIRICAL)이 이미 확정 KEEP — 제거해도 그룹/매트릭스 coverage 불변(수학적 보장), §10 실질근거도 없음",high
7784-46-5,"SODIUM ARSENITE, AQUEOUS SOLUTION",wave2,DUPLICATE,REMOVE_CONFIRMED,,7681-49-4,False,no_data,none(non-sole-group-member),"동일 그룹조합((61, 68)) 대표물질 7681-49-4(PHASE3_KEEP_EMPIRICAL)이 이미 확정 KEEP — 제거해도 그룹/매트릭스 coverage 불변(수학적 보장), §10 실질근거도 없음",high
78-11-5,PENTAERYTHRITE TETRANITRATE,wave2,DUPLICATE,REVIEW_REQUIRED,,118-96-7,False,,none(non-sole-group-member),대체물질로 지목된 118-96-7(PHASE3_REVIEW) 역시 §10 실질근거가 없는 REVIEW급 — cluster 전체가 근거 빈약해 자동 제거 확정 보류,low
79-08-3,BROMOACETIC ACID,wave2,DUPLICATE,REMOVE_CONFIRMED,,76-03-9,False,no_data,none(non-sole-group-member),"동일 그룹조합((2, 31, 68)) 대표물질 76-03-9(PHASE3_KEEP_EMPIRICAL)이 이미 확정 KEEP — 제거해도 그룹/매트릭스 coverage 불변(수학적 보장), §10 실질근거도 없음",high
82-71-3,TRINITRORESORCINOL,wave2,DUPLICATE,REVIEW_REQUIRED,,25550-58-7,False,no_data,none(non-sole-group-member),대체물질로 지목된 25550-58-7(PHASE3_REVIEW) 역시 §10 실질근거가 없는 REVIEW급 — cluster 전체가 근거 빈약해 자동 제거 확정 보류,low
831-52-7,SODIUM PICRAMATE,wave2,DUPLICATE,REVIEW_REQUIRED,,63868-82-6,False,no_data,none(non-sole-group-member),대체물질로 지목된 63868-82-6(PHASE3_REVIEW) 역시 §10 실질근거가 없는 REVIEW급 — cluster 전체가 근거 빈약해 자동 제거 확정 보류,low
88-89-1,"PICRIC ACID, WETTED WITH NOT LESS THAN 30% WATER BY MASS",wave2,DUPLICATE,REVIEW_REQUIRED,,25550-58-7,False,no_data,none(non-sole-group-member),대체물질로 지목된 25550-58-7(PHASE3_REVIEW) 역시 §10 실질근거가 없는 REVIEW급 — cluster 전체가 근거 빈약해 자동 제거 확정 보류,low
99-35-4,"TRINITROBENZENE, WETTED WITH NOT LESS THAN 30% WATER",wave2,DUPLICATE,REVIEW_REQUIRED,,118-96-7,False,no_data,none(non-sole-group-member),대체물질로 지목된 118-96-7(PHASE3_REVIEW) 역시 §10 실질근거가 없는 REVIEW급 — cluster 전체가 근거 빈약해 자동 제거 확정 보류,low
10025-91-9,ANTIMONY TRICHLORIDE,wave1,UNSUPPORTED,MERGE_REDUNDANT,MC001_g3-32-50,10026-13-8,True,metal;water,redundant_with_representative(matrix-level),"대표물질 10026-13-8(PHASE3_KEEP_EMPIRICAL)과 동일 그룹조합((3, 32, 50)) — 매트릭스 기반 coverage는 대표물질이 전담 가능. 단, 개별 §2·3·9 실측값(물성 등)은 물질마다 달라 완전한 정보손실은 아님(사람 검토 시 고려)",medium
7789-61-9,ANTIMONY TRIBROMIDE,wave2,REVIEW,MERGE_REDUNDANT,MC001_g3-32-50,10026-13-8,True,metal;water,redundant_with_representative(matrix-level),"대표물질 10026-13-8(PHASE3_KEEP_EMPIRICAL)과 동일 그룹조합((3, 32, 50)) — 매트릭스 기반 coverage는 대표물질이 전담 가능. 단, 개별 §2·3·9 실측값(물성 등)은 물질마다 달라 완전한 정보손실은 아님(사람 검토 시 고려)",medium
7789-69-7,PHOSPHORUS PENTABROMIDE,wave2,DUPLICATE,MERGE_REDUNDANT,MC001_g3-32-50,10026-13-8,True,combustible_reducing;metal;water,redundant_with_representative(matrix-level),"대표물질 10026-13-8(PHASE3_KEEP_EMPIRICAL)과 동일 그룹조합((3, 32, 50)) — 매트릭스 기반 coverage는 대표물질이 전담 가능. 단, 개별 §2·3·9 실측값(물성 등)은 물질마다 달라 완전한 정보손실은 아님(사람 검토 시 고려)",medium
10026-11-6,ZIRCONIUM TETRACHLORIDE,wave1,UNSUPPORTED,MERGE_REDUNDANT,MC002_g3,10026-06-9,True,combustible_reducing;metal;water,redundant_with_representative(matrix-level),"대표물질 10026-06-9(PHASE3_KEEP_EMPIRICAL)과 동일 그룹조합((3,)) — 매트릭스 기반 coverage는 대표물질이 전담 가능. 단, 개별 §2·3·9 실측값(물성 등)은 물질마다 달라 완전한 정보손실은 아님(사람 검토 시 고려)",medium
42615-29-2,PHENYLSULPHONIC ACID,wave1,REVIEW,MERGE_REDUNDANT,MC003_g4,7664-93-9,True,combustible_reducing;water,redundant_with_representative(matrix-level),"대표물질 7664-93-9(PHASE1_KEEP_MANDATORY)과 동일 그룹조합((4,)) — 매트릭스 기반 coverage는 대표물질이 전담 가능. 단, 개별 §2·3·9 실측값(물성 등)은 물질마다 달라 완전한 정보손실은 아님(사람 검토 시 고려)",medium
104-15-4,"TOLUENE SULFONIC ACID, LIQUID, WITH MORE THAN 5% FREE SULFURIC ACID",wave1,UNSUPPORTED,MERGE_REDUNDANT,MC003_g4,7664-93-9,True,metal,redundant_with_representative(matrix-level),"대표물질 7664-93-9(PHASE1_KEEP_MANDATORY)과 동일 그룹조합((4,)) — 매트릭스 기반 coverage는 대표물질이 전담 가능. 단, 개별 §2·3·9 실측값(물성 등)은 물질마다 달라 완전한 정보손실은 아님(사람 검토 시 고려)",medium
1333-39-7,"PHENOLSULFONIC ACID, LIQUID",wave1,UNSUPPORTED,MERGE_REDUNDANT,MC003_g4,7664-93-9,True,combustible_reducing;water,redundant_with_representative(matrix-level),"대표물질 7664-93-9(PHASE1_KEEP_MANDATORY)과 동일 그룹조합((4,)) — 매트릭스 기반 coverage는 대표물질이 전담 가능. 단, 개별 §2·3·9 실측값(물성 등)은 물질마다 달라 완전한 정보손실은 아님(사람 검토 시 고려)",medium
27176-87-0,DODECYLBENZENESULFONIC ACID,wave1,UNSUPPORTED,MERGE_REDUNDANT,MC003_g4,7664-93-9,True,metal,redundant_with_representative(matrix-level),"대표물질 7664-93-9(PHASE1_KEEP_MANDATORY)과 동일 그룹조합((4,)) — 매트릭스 기반 coverage는 대표물질이 전담 가능. 단, 개별 §2·3·9 실측값(물성 등)은 물질마다 달라 완전한 정보손실은 아님(사람 검토 시 고려)",medium
105-59-9,METHYLDIETHANOLAMINE,wave1,REVIEW,MERGE_REDUNDANT,MC004_g8-14,102-71-6,True,combustible_reducing;water,redundant_with_representative(matrix-level),"대표물질 102-71-6(PHASE3_KEEP_EMPIRICAL)과 동일 그룹조합((8, 14)) — 매트릭스 기반 coverage는 대표물질이 전담 가능. 단, 개별 §2·3·9 실측값(물성 등)은 물질마다 달라 완전한 정보손실은 아님(사람 검토 시 고려)",medium
10016-20-3,ALPHA-CYCLODEXTRIN,wave1,UNSUPPORTED,MERGE_REDUNDANT,MC005_g8,100-51-6,True,combustible_reducing;water,redundant_with_representative(matrix-level),"대표물질 100-51-6(PHASE3_KEEP_EMPIRICAL)과 동일 그룹조합((8,)) — 매트릭스 기반 coverage는 대표물질이 전담 가능. 단, 개별 §2·3·9 실측값(물성 등)은 물질마다 달라 완전한 정보손실은 아님(사람 검토 시 고려)",medium
100-15-2,N-METHYL-4-NITROANILINE,wave1,UNSUPPORTED,MERGE_REDUNDANT,MC006_g13-46,100-01-6,True,metal,redundant_with_representative(matrix-level),"대표물질 100-01-6(PHASE3_KEEP_EMPIRICAL)과 동일 그룹조합((13, 46)) — 매트릭스 기반 coverage는 대표물질이 전담 가능. 단, 개별 §2·3·9 실측값(물성 등)은 물질마다 달라 완전한 정보손실은 아님(사람 검토 시 고려)",medium
106-31-0,BUTYRIC ANHYDRIDE,wave1,UNSUPPORTED,MERGE_REDUNDANT,MC007_g15,108-24-7,True,metal;water,redundant_with_representative(matrix-level),"대표물질 108-24-7(PHASE1_KEEP_MANDATORY)과 동일 그룹조합((15,)) — 매트릭스 기반 coverage는 대표물질이 전담 가능. 단, 개별 §2·3·9 실측값(물성 등)은 물질마다 달라 완전한 정보손실은 아님(사람 검토 시 고려)",medium
11138-49-1,"SODIUM ALUMINATE, SOLUTION",wave1,UNSUPPORTED,MERGE_REDUNDANT,MC008_g18-68,1310-58-3,True,combustible_reducing;water,redundant_with_representative(matrix-level),"대표물질 1310-58-3(PHASE1_KEEP_MANDATORY)과 동일 그룹조합((18, 68)) — 매트릭스 기반 coverage는 대표물질이 전담 가능. 단, 개별 §2·3·9 실측값(물성 등)은 물질마다 달라 완전한 정보손실은 아님(사람 검토 시 고려)",medium
1310-65-2,"LITHIUM HYDROXIDE, SOLUTION",wave2,REVIEW,MERGE_REDUNDANT,MC008_g18-68,1310-58-3,True,combustible_reducing;metal;water,redundant_with_representative(matrix-level),"대표물질 1310-58-3(PHASE1_KEEP_MANDATORY)과 동일 그룹조합((18, 68)) — 매트릭스 기반 coverage는 대표물질이 전담 가능. 단, 개별 §2·3·9 실측값(물성 등)은 물질마다 달라 완전한 정보손실은 아님(사람 검토 시 고려)",medium
1310-82-3,RUBIDIUM HYDROXIDE,wave2,DUPLICATE,MERGE_REDUNDANT,MC008_g18-68,1310-58-3,True,combustible_reducing;metal;water,redundant_with_representative(matrix-level),"대표물질 1310-58-3(PHASE1_KEEP_MANDATORY)과 동일 그룹조합((18, 68)) — 매트릭스 기반 coverage는 대표물질이 전담 가능. 단, 개별 §2·3·9 실측값(물성 등)은 물질마다 달라 완전한 정보손실은 아님(사람 검토 시 고려)",medium
21351-79-1,CESIUM HYDROXIDE,wave2,DUPLICATE,MERGE_REDUNDANT,MC008_g18-68,1310-58-3,True,metal;water,redundant_with_representative(matrix-level),"대표물질 1310-58-3(PHASE1_KEEP_MANDATORY)과 동일 그룹조합((18, 68)) — 매트릭스 기반 coverage는 대표물질이 전담 가능. 단, 개별 §2·3·9 실측값(물성 등)은 물질마다 달라 완전한 정보손실은 아님(사람 검토 시 고려)",medium
12030-88-5,POTASSIUM SUPEROXIDE,wave1,UNSUPPORTED,MERGE_REDUNDANT,MC009_g18-50,17014-71-0,True,combustible_reducing;water,redundant_with_representative(matrix-level),"대표물질 17014-71-0(PHASE3_KEEP_EMPIRICAL)과 동일 그룹조합((18, 50)) — 매트릭스 기반 coverage는 대표물질이 전담 가능. 단, 개별 §2·3·9 실측값(물성 등)은 물질마다 달라 완전한 정보손실은 아님(사람 검토 시 고려)",medium
12031-80-0,LITHIUM PEROXIDE,wave1,UNSUPPORTED,MERGE_REDUNDANT,MC009_g18-50,17014-71-0,True,combustible_reducing;water,redundant_with_representative(matrix-level),"대표물질 17014-71-0(PHASE3_KEEP_EMPIRICAL)과 동일 그룹조합((18, 50)) — 매트릭스 기반 coverage는 대표물질이 전담 가능. 단, 개별 §2·3·9 실측값(물성 등)은 물질마다 달라 완전한 정보손실은 아님(사람 검토 시 고려)",medium
1314-18-7,STRONTIUM PEROXIDE,wave2,DUPLICATE,MERGE_REDUNDANT,MC009_g18-50,17014-71-0,True,combustible_reducing;water,redundant_with_representative(matrix-level),"대표물질 17014-71-0(PHASE3_KEEP_EMPIRICAL)과 동일 그룹조합((18, 50)) — 매트릭스 기반 coverage는 대표물질이 전담 가능. 단, 개별 §2·3·9 실측값(물성 등)은 물질마다 달라 완전한 정보손실은 아님(사람 검토 시 고려)",medium
1313-82-2,"SODIUM SULFIDE, ANHYDROUS",wave1,UNSUPPORTED,MERGE_REDUNDANT,MC010_g19-63-68,16721-80-5,True,water,redundant_with_representative(matrix-level),"대표물질 16721-80-5(PHASE3_KEEP_EMPIRICAL)과 동일 그룹조합((19, 63, 68)) — 매트릭스 기반 coverage는 대표물질이 전담 가능. 단, 개별 §2·3·9 실측값(물성 등)은 물질마다 달라 완전한 정보손실은 아님(사람 검토 시 고려)",medium
144-55-8,SODIUM BICARBONATE,wave1,UNSUPPORTED,MERGE_REDUNDANT,MC011_g21,1317-65-3,True,combustible_reducing;water,redundant_with_representative(matrix-level),"대표물질 1317-65-3(PHASE3_KEEP_EMPIRICAL)과 동일 그룹조합((21,)) — 매트릭스 기반 coverage는 대표물질이 전담 가능. 단, 개별 §2·3·9 실측값(물성 등)은 물질마다 달라 완전한 정보손실은 아님(사람 검토 시 고려)",medium
471-34-1,CALCIUM CARBONATE,wave1,UNSUPPORTED,MERGE_REDUNDANT,MC011_g21,1317-65-3,True,combustible_reducing;water,redundant_with_representative(matrix-level),"대표물질 1317-65-3(PHASE3_KEEP_EMPIRICAL)과 동일 그룹조합((21,)) — 매트릭스 기반 coverage는 대표물질이 전담 가능. 단, 개별 §2·3·9 실측값(물성 등)은 물질마다 달라 완전한 정보손실은 아님(사람 검토 시 고려)",medium
105-79-3,ISOBUTYL CAPROATE,wave1,REVIEW,MERGE_REDUNDANT,MC012_g27,103-23-1,True,combustible_reducing;water,redundant_with_representative(matrix-level),"대표물질 103-23-1(PHASE3_KEEP_EMPIRICAL)과 동일 그룹조합((27,)) — 매트릭스 기반 coverage는 대표물질이 전담 가능. 단, 개별 §2·3·9 실측값(물성 등)은 물질마다 달라 완전한 정보손실은 아님(사람 검토 시 고려)",medium
123-01-3,DODECYLBENZENE,wave1,UNSUPPORTED,MERGE_REDUNDANT,MC013_g33-35,12002-43-6,True,combustible_reducing;water,redundant_with_representative(matrix-level),"대표물질 12002-43-6(PHASE3_KEEP_EMPIRICAL)과 동일 그룹조합((33, 35)) — 매트릭스 기반 coverage는 대표물질이 전담 가능. 단, 개별 §2·3·9 실측값(물성 등)은 물질마다 달라 완전한 정보손실은 아님(사람 검토 시 고려)",medium
7439-95-4,MAGNESIUM,wave1,REVIEW,MERGE_REDUNDANT,MC014_g41,7440-47-3,True,water,redundant_with_representative(matrix-level),"대표물질 7440-47-3(PHASE3_KEEP_EMPIRICAL)과 동일 그룹조합((41,)) — 매트릭스 기반 coverage는 대표물질이 전담 가능. 단, 개별 §2·3·9 실측값(물성 등)은 물질마다 달라 완전한 정보손실은 아님(사람 검토 시 고려)",medium
7440-02-0,NICKEL,wave1,REVIEW,MERGE_REDUNDANT,MC014_g41,7440-47-3,True,water,redundant_with_representative(matrix-level),"대표물질 7440-47-3(PHASE3_KEEP_EMPIRICAL)과 동일 그룹조합((41,)) — 매트릭스 기반 coverage는 대표물질이 전담 가능. 단, 개별 §2·3·9 실측값(물성 등)은 물질마다 달라 완전한 정보손실은 아님(사람 검토 시 고려)",medium
7440-21-3,"SILICON POWDER, AMORPHOUS",wave1,REVIEW,MERGE_REDUNDANT,MC014_g41,7440-47-3,True,water,redundant_with_representative(matrix-level),"대표물질 7440-47-3(PHASE3_KEEP_EMPIRICAL)과 동일 그룹조합((41,)) — 매트릭스 기반 coverage는 대표물질이 전담 가능. 단, 개별 §2·3·9 실측값(물성 등)은 물질마다 달라 완전한 정보손실은 아님(사람 검토 시 고려)",medium
7440-25-7,TANTALUM (METAL AND OXIDE DUST),wave1,REVIEW,MERGE_REDUNDANT,MC014_g41,7440-47-3,True,water,redundant_with_representative(matrix-level),"대표물질 7440-47-3(PHASE3_KEEP_EMPIRICAL)과 동일 그룹조합((41,)) — 매트릭스 기반 coverage는 대표물질이 전담 가능. 단, 개별 §2·3·9 실측값(물성 등)은 물질마다 달라 완전한 정보손실은 아님(사람 검토 시 고려)",medium
7429-90-5,"ALUMINUM POWDER, COATED",wave1,UNSUPPORTED,MERGE_REDUNDANT,MC014_g41,7440-47-3,True,water,redundant_with_representative(matrix-level),"대표물질 7440-47-3(PHASE3_KEEP_EMPIRICAL)과 동일 그룹조합((41,)) — 매트릭스 기반 coverage는 대표물질이 전담 가능. 단, 개별 §2·3·9 실측값(물성 등)은 물질마다 달라 완전한 정보손실은 아님(사람 검토 시 고려)",medium
7439-89-6,"IRON, [POWDERED]",wave1,UNSUPPORTED,MERGE_REDUNDANT,MC014_g41,7440-47-3,True,water,redundant_with_representative(matrix-level),"대표물질 7440-47-3(PHASE3_KEEP_EMPIRICAL)과 동일 그룹조합((41,)) — 매트릭스 기반 coverage는 대표물질이 전담 가능. 단, 개별 §2·3·9 실측값(물성 등)은 물질마다 달라 완전한 정보손실은 아님(사람 검토 시 고려)",medium
7440-36-0,ANTIMONY POWDER,wave2,REVIEW,MERGE_REDUNDANT,MC014_g41,7440-47-3,True,water,redundant_with_representative(matrix-level),"대표물질 7440-47-3(PHASE3_KEEP_EMPIRICAL)과 동일 그룹조합((41,)) — 매트릭스 기반 coverage는 대표물질이 전담 가능. 단, 개별 §2·3·9 실측값(물성 등)은 물질마다 달라 완전한 정보손실은 아님(사람 검토 시 고려)",medium
7440-39-3,BARIUM,wave2,DUPLICATE,MERGE_REDUNDANT,MC014_g41,7440-47-3,True,water,redundant_with_representative(matrix-level),"대표물질 7440-47-3(PHASE3_KEEP_EMPIRICAL)과 동일 그룹조합((41,)) — 매트릭스 기반 coverage는 대표물질이 전담 가능. 단, 개별 §2·3·9 실측값(물성 등)은 물질마다 달라 완전한 정보손실은 아님(사람 검토 시 고려)",medium
7440-45-1,"CERIUM, SLABS, INGOTS OR RODS",wave2,DUPLICATE,MERGE_REDUNDANT,MC014_g41,7440-47-3,True,water,redundant_with_representative(matrix-level),"대표물질 7440-47-3(PHASE3_KEEP_EMPIRICAL)과 동일 그룹조합((41,)) — 매트릭스 기반 coverage는 대표물질이 전담 가능. 단, 개별 §2·3·9 실측값(물성 등)은 물질마다 달라 완전한 정보손실은 아님(사람 검토 시 고려)",medium
7440-48-4,COBALT,wave2,DUPLICATE,MERGE_REDUNDANT,MC014_g41,7440-47-3,True,water,redundant_with_representative(matrix-level),"대표물질 7440-47-3(PHASE3_KEEP_EMPIRICAL)과 동일 그룹조합((41,)) — 매트릭스 기반 coverage는 대표물질이 전담 가능. 단, 개별 §2·3·9 실측값(물성 등)은 물질마다 달라 완전한 정보손실은 아님(사람 검토 시 고려)",medium
7440-65-5,YTTRIUM,wave2,DUPLICATE,MERGE_REDUNDANT,MC014_g41,7440-47-3,True,water,redundant_with_representative(matrix-level),"대표물질 7440-47-3(PHASE3_KEEP_EMPIRICAL)과 동일 그룹조합((41,)) — 매트릭스 기반 coverage는 대표물질이 전담 가능. 단, 개별 §2·3·9 실측값(물성 등)은 물질마다 달라 완전한 정보손실은 아님(사람 검토 시 고려)",medium
7440-70-2,CALCIUM,wave2,DUPLICATE,MERGE_REDUNDANT,MC014_g41,7440-47-3,True,water,redundant_with_representative(matrix-level),"대표물질 7440-47-3(PHASE3_KEEP_EMPIRICAL)과 동일 그룹조합((41,)) — 매트릭스 기반 coverage는 대표물질이 전담 가능. 단, 개별 §2·3·9 실측값(물성 등)은 물질마다 달라 완전한 정보손실은 아님(사람 검토 시 고려)",medium
7440-74-6,INDIUM,wave2,DUPLICATE,MERGE_REDUNDANT,MC014_g41,7440-47-3,True,water,redundant_with_representative(matrix-level),"대표물질 7440-47-3(PHASE3_KEEP_EMPIRICAL)과 동일 그룹조합((41,)) — 매트릭스 기반 coverage는 대표물질이 전담 가능. 단, 개별 §2·3·9 실측값(물성 등)은 물질마다 달라 완전한 정보손실은 아님(사람 검토 시 고려)",medium
8049-17-0,FERROSILICON,wave2,DUPLICATE,MERGE_REDUNDANT,MC014_g41,7440-47-3,True,water,redundant_with_representative(matrix-level),"대표물질 7440-47-3(PHASE3_KEEP_EMPIRICAL)과 동일 그룹조합((41,)) — 매트릭스 기반 coverage는 대표물질이 전담 가능. 단, 개별 §2·3·9 실측값(물성 등)은 물질마다 달라 완전한 정보손실은 아님(사람 검토 시 고려)",medium
10034-81-8,MAGNESIUM PERCHLORATE,wave1,UNSUPPORTED,MERGE_REDUNDANT,MC015_g50,20816-12-0,True,combustible_reducing;water,redundant_with_representative(matrix-level),"대표물질 20816-12-0(PHASE3_KEEP_EMPIRICAL)과 동일 그룹조합((50,)) — 매트릭스 기반 coverage는 대표물질이 전담 가능. 단, 개별 §2·3·9 실측값(물성 등)은 물질마다 달라 완전한 정보손실은 아님(사람 검토 시 고려)",medium
10101-50-5,SODIUM PERMANGANATE,wave1,UNSUPPORTED,MERGE_REDUNDANT,MC015_g50,20816-12-0,True,combustible_reducing;water,redundant_with_representative(matrix-level),"대표물질 20816-12-0(PHASE3_KEEP_EMPIRICAL)과 동일 그룹조합((50,)) — 매트릭스 기반 coverage는 대표물질이 전담 가능. 단, 개별 §2·3·9 실측값(물성 등)은 물질마다 달라 완전한 정보손실은 아님(사람 검토 시 고려)",medium
10118-76-0,CALCIUM PERMANGANATE,wave1,UNSUPPORTED,MERGE_REDUNDANT,MC015_g50,20816-12-0,True,combustible_reducing;water,redundant_with_representative(matrix-level),"대표물질 20816-12-0(PHASE3_KEEP_EMPIRICAL)과 동일 그룹조합((50,)) — 매트릭스 기반 coverage는 대표물질이 전담 가능. 단, 개별 §2·3·9 실측값(물성 등)은 물질마다 달라 완전한 정보손실은 아님(사람 검토 시 고려)",medium
1189-85-1,T-BUTYL CHROMATE,wave2,DUPLICATE,MERGE_REDUNDANT,MC015_g50,20816-12-0,True,combustible_reducing;water,redundant_with_representative(matrix-level),"대표물질 20816-12-0(PHASE3_KEEP_EMPIRICAL)과 동일 그룹조합((50,)) — 매트릭스 기반 coverage는 대표물질이 전담 가능. 단, 개별 §2·3·9 실측값(물성 등)은 물질마다 달라 완전한 정보손실은 아님(사람 검토 시 고려)",medium
1309-60-0,LEAD DIOXIDE,wave2,DUPLICATE,MERGE_REDUNDANT,MC015_g50,20816-12-0,True,combustible_reducing;water,redundant_with_representative(matrix-level),"대표물질 20816-12-0(PHASE3_KEEP_EMPIRICAL)과 동일 그룹조합((50,)) — 매트릭스 기반 coverage는 대표물질이 전담 가능. 단, 개별 §2·3·9 실측값(물성 등)은 물질마다 달라 완전한 정보손실은 아님(사람 검토 시 고려)",medium
1314-22-3,ZINC PEROXIDE,wave2,DUPLICATE,MERGE_REDUNDANT,MC015_g50,20816-12-0,True,combustible_reducing;water,redundant_with_representative(matrix-level),"대표물질 20816-12-0(PHASE3_KEEP_EMPIRICAL)과 동일 그룹조합((50,)) — 매트릭스 기반 coverage는 대표물질이 전담 가능. 단, 개별 §2·3·9 실측값(물성 등)은 물질마다 달라 완전한 정보손실은 아님(사람 검토 시 고려)",medium
13450-97-0,STRONTIUM PERCHLORATE,wave2,DUPLICATE,MERGE_REDUNDANT,MC015_g50,20816-12-0,True,combustible_reducing;water,redundant_with_representative(matrix-level),"대표물질 20816-12-0(PHASE3_KEEP_EMPIRICAL)과 동일 그룹조합((50,)) — 매트릭스 기반 coverage는 대표물질이 전담 가능. 단, 개별 §2·3·9 실측값(물성 등)은 물질마다 달라 완전한 정보손실은 아님(사람 검토 시 고려)",medium
13477-36-6,CALCIUM PERCHLORATE,wave2,DUPLICATE,MERGE_REDUNDANT,MC015_g50,20816-12-0,True,combustible_reducing;water,redundant_with_representative(matrix-level),"대표물질 20816-12-0(PHASE3_KEEP_EMPIRICAL)과 동일 그룹조합((50,)) — 매트릭스 기반 coverage는 대표물질이 전담 가능. 단, 개별 §2·3·9 실측값(물성 등)은 물질마다 달라 완전한 정보손실은 아님(사람 검토 시 고려)",medium
13637-76-8,LEAD PERCHLORATE,wave2,DUPLICATE,MERGE_REDUNDANT,MC015_g50,20816-12-0,True,combustible_reducing;water,redundant_with_representative(matrix-level),"대표물질 20816-12-0(PHASE3_KEEP_EMPIRICAL)과 동일 그룹조합((50,)) — 매트릭스 기반 coverage는 대표물질이 전담 가능. 단, 개별 §2·3·9 실측값(물성 등)은 물질마다 달라 완전한 정보손실은 아님(사람 검토 시 고려)",medium
13967-90-3,BARIUM BROMATE,wave2,DUPLICATE,MERGE_REDUNDANT,MC015_g50,20816-12-0,True,combustible_reducing;water,redundant_with_representative(matrix-level),"대표물질 20816-12-0(PHASE3_KEEP_EMPIRICAL)과 동일 그룹조합((50,)) — 매트릭스 기반 coverage는 대표물질이 전담 가능. 단, 개별 §2·3·9 실측값(물성 등)은 물질마다 달라 완전한 정보손실은 아님(사람 검토 시 고려)",medium
14519-17-6,MAGNESIUM BROMATE,wave2,DUPLICATE,MERGE_REDUNDANT,MC015_g50,20816-12-0,True,combustible_reducing;water,redundant_with_representative(matrix-level),"대표물질 20816-12-0(PHASE3_KEEP_EMPIRICAL)과 동일 그룹조합((50,)) — 매트릭스 기반 coverage는 대표물질이 전담 가능. 단, 개별 §2·3·9 실측값(물성 등)은 물질마다 달라 완전한 정보손실은 아님(사람 검토 시 고려)",medium
15541-45-4,"BROMATES, INORGANIC, N.O.S.",wave2,DUPLICATE,MERGE_REDUNDANT,MC015_g50,20816-12-0,True,combustible_reducing;water,redundant_with_representative(matrix-level),"대표물질 20816-12-0(PHASE3_KEEP_EMPIRICAL)과 동일 그룹조합((50,)) — 매트릭스 기반 coverage는 대표물질이 전담 가능. 단, 개별 §2·3·9 실측값(물성 등)은 물질마다 달라 완전한 정보손실은 아님(사람 검토 시 고려)",medium
7446-08-4,SELENIUM DIOXIDE,wave2,DUPLICATE,MERGE_REDUNDANT,MC015_g50,20816-12-0,True,combustible_reducing;metal;water,redundant_with_representative(matrix-level),"대표물질 20816-12-0(PHASE3_KEEP_EMPIRICAL)과 동일 그룹조합((50,)) — 매트릭스 기반 coverage는 대표물질이 전담 가능. 단, 개별 §2·3·9 실측값(물성 등)은 물질마다 달라 완전한 정보손실은 아님(사람 검토 시 고려)",medium
7601-89-0,SODIUM PERCHLORATE,wave2,DUPLICATE,MERGE_REDUNDANT,MC015_g50,20816-12-0,True,combustible_reducing;water,redundant_with_representative(matrix-level),"대표물질 20816-12-0(PHASE3_KEEP_EMPIRICAL)과 동일 그룹조합((50,)) — 매트릭스 기반 coverage는 대표물질이 전담 가능. 단, 개별 §2·3·9 실측값(물성 등)은 물질마다 달라 완전한 정보손실은 아님(사람 검토 시 고려)",medium
7727-21-1,POTASSIUM PERSULFATE,wave2,DUPLICATE,MERGE_REDUNDANT,MC015_g50,20816-12-0,True,combustible_reducing;water,redundant_with_representative(matrix-level),"대표물질 20816-12-0(PHASE3_KEEP_EMPIRICAL)과 동일 그룹조합((50,)) — 매트릭스 기반 coverage는 대표물질이 전담 가능. 단, 개별 §2·3·9 실측값(물성 등)은 물질마다 달라 완전한 정보손실은 아님(사람 검토 시 고려)",medium
7758-01-2,POTASSIUM BROMATE,wave2,DUPLICATE,MERGE_REDUNDANT,MC015_g50,20816-12-0,True,combustible_reducing;water,redundant_with_representative(matrix-level),"대표물질 20816-12-0(PHASE3_KEEP_EMPIRICAL)과 동일 그룹조합((50,)) — 매트릭스 기반 coverage는 대표물질이 전담 가능. 단, 개별 §2·3·9 실측값(물성 등)은 물질마다 달라 완전한 정보손실은 아님(사람 검토 시 고려)",medium
7775-27-1,SODIUM PERSULFATE,wave2,DUPLICATE,MERGE_REDUNDANT,MC015_g50,20816-12-0,True,combustible_reducing;water,redundant_with_representative(matrix-level),"대표물질 20816-12-0(PHASE3_KEEP_EMPIRICAL)과 동일 그룹조합((50,)) — 매트릭스 기반 coverage는 대표물질이 전담 가능. 단, 개별 §2·3·9 실측값(물성 등)은 물질마다 달라 완전한 정보손실은 아님(사람 검토 시 고려)",medium
7787-36-2,BARIUM PERMANGANATE,wave2,DUPLICATE,MERGE_REDUNDANT,MC015_g50,20816-12-0,True,combustible_reducing;water,redundant_with_representative(matrix-level),"대표물질 20816-12-0(PHASE3_KEEP_EMPIRICAL)과 동일 그룹조합((50,)) — 매트릭스 기반 coverage는 대표물질이 전담 가능. 단, 개별 §2·3·9 실측값(물성 등)은 물질마다 달라 완전한 정보손실은 아님(사람 검토 시 고려)",medium
7789-38-0,SODIUM BROMATE,wave2,DUPLICATE,MERGE_REDUNDANT,MC015_g50,20816-12-0,True,combustible_reducing;water,redundant_with_representative(matrix-level),"대표물질 20816-12-0(PHASE3_KEEP_EMPIRICAL)과 동일 그룹조합((50,)) — 매트릭스 기반 coverage는 대표물질이 전담 가능. 단, 개별 §2·3·9 실측값(물성 등)은 물질마다 달라 완전한 정보손실은 아님(사람 검토 시 고려)",medium
105-74-8,LAUROYL PEROXIDE,wave1,UNSUPPORTED,MERGE_REDUNDANT,MC016_g53,105-64-6,True,combustible_reducing;water,redundant_with_representative(matrix-level),"대표물질 105-64-6(PHASE3_KEEP_EMPIRICAL)과 동일 그룹조합((53,)) — 매트릭스 기반 coverage는 대표물질이 전담 가능. 단, 개별 §2·3·9 실측값(물성 등)은 물질마다 달라 완전한 정보손실은 아님(사람 검토 시 고려)",medium
10043-01-3,"ALUMINUM SULFATE, SOLID",wave1,UNSUPPORTED,MERGE_REDUNDANT,MC017_g60-68,13826-88-5,True,combustible_reducing;water,redundant_with_representative(matrix-level),"대표물질 13826-88-5(PHASE3_KEEP_EMPIRICAL)과 동일 그룹조합((60, 68)) — 매트릭스 기반 coverage는 대표물질이 전담 가능. 단, 개별 §2·3·9 실측값(물성 등)은 물질마다 달라 완전한 정보손실은 아님(사람 검토 시 고려)",medium
14486-19-2,CADMIUM FLUOROBORATE,wave2,DUPLICATE,MERGE_REDUNDANT,MC017_g60-68,13826-88-5,True,combustible_reducing;metal;water,redundant_with_representative(matrix-level),"대표물질 13826-88-5(PHASE3_KEEP_EMPIRICAL)과 동일 그룹조합((60, 68)) — 매트릭스 기반 coverage는 대표물질이 전담 가능. 단, 개별 §2·3·9 실측값(물성 등)은 물질마다 달라 완전한 정보손실은 아님(사람 검토 시 고려)",medium
7681-38-1,"SODIUM BISULFATE, SOLID",wave2,DUPLICATE,MERGE_REDUNDANT,MC017_g60-68,13826-88-5,True,combustible_reducing;metal;water,redundant_with_representative(matrix-level),"대표물질 13826-88-5(PHASE3_KEEP_EMPIRICAL)과 동일 그룹조합((60, 68)) — 매트릭스 기반 coverage는 대표물질이 전담 가능. 단, 개별 §2·3·9 실측값(물성 등)은 물질마다 달라 완전한 정보손실은 아님(사람 검토 시 고려)",medium
7784-30-7,"ALUMINUM PHOSPHATE, SOLUTION",wave2,DUPLICATE,MERGE_REDUNDANT,MC017_g60-68,13826-88-5,True,combustible_reducing;metal;water,redundant_with_representative(matrix-level),"대표물질 13826-88-5(PHASE3_KEEP_EMPIRICAL)과 동일 그룹조합((60, 68)) — 매트릭스 기반 coverage는 대표물질이 전담 가능. 단, 개별 §2·3·9 실측값(물성 등)은 물질마다 달라 완전한 정보손실은 아님(사람 검토 시 고려)",medium
7440-17-7,RUBIDIUM,wave2,REVIEW,MERGE_REDUNDANT,MC018_g40,7439-93-2,True,water,redundant_with_representative(matrix-level),"대표물질 7439-93-2(PHASE3_KEEP_EMPIRICAL)과 동일 그룹조합((40,)) — 매트릭스 기반 coverage는 대표물질이 전담 가능. 단, 개별 §2·3·9 실측값(물성 등)은 물질마다 달라 완전한 정보손실은 아님(사람 검토 시 고려)",medium
7440-46-2,CESIUM,wave2,DUPLICATE,MERGE_REDUNDANT,MC018_g40,7439-93-2,True,water,redundant_with_representative(matrix-level),"대표물질 7439-93-2(PHASE3_KEEP_EMPIRICAL)과 동일 그룹조합((40,)) — 매트릭스 기반 coverage는 대표물질이 전담 가능. 단, 개별 §2·3·9 실측값(물성 등)은 물질마다 달라 완전한 정보손실은 아님(사람 검토 시 고려)",medium
7440-58-6,"HAFNIUM POWDER, DRY",wave2,DUPLICATE,MERGE_REDUNDANT,MC019_g41-68,7440-32-6,True,water,redundant_with_representative(matrix-level),"대표물질 7440-32-6(PHASE3_KEEP_EMPIRICAL)과 동일 그룹조합((41, 68)) — 매트릭스 기반 coverage는 대표물질이 전담 가능. 단, 개별 §2·3·9 실측값(물성 등)은 물질마다 달라 완전한 정보손실은 아님(사람 검토 시 고려)",medium
7440-67-7,ZIRCONIUM POWDER WET,wave2,DUPLICATE,MERGE_REDUNDANT,MC019_g41-68,7440-32-6,True,water,redundant_with_representative(matrix-level),"대표물질 7440-32-6(PHASE3_KEEP_EMPIRICAL)과 동일 그룹조합((41, 68)) — 매트릭스 기반 coverage는 대표물질이 전담 가능. 단, 개별 §2·3·9 실측값(물성 등)은 물질마다 달라 완전한 정보손실은 아님(사람 검토 시 고려)",medium
15385-58-7,MERCUROUS BROMIDE,wave2,REVIEW,MERGE_REDUNDANT,MC020_g42-47,10112-91-1,True,combustible_reducing;metal;water,redundant_with_representative(matrix-level),"대표물질 10112-91-1(PHASE3_KEEP_EMPIRICAL)과 동일 그룹조합((42, 47)) — 매트릭스 기반 coverage는 대표물질이 전담 가능. 단, 개별 §2·3·9 실측값(물성 등)은 물질마다 달라 완전한 정보손실은 아님(사람 검토 시 고려)",medium
7789-47-1,MERCURIC BROMIDE,wave2,DUPLICATE,MERGE_REDUNDANT,MC020_g42-47,10112-91-1,True,combustible_reducing;metal;water,redundant_with_representative(matrix-level),"대표물질 10112-91-1(PHASE3_KEEP_EMPIRICAL)과 동일 그룹조합((42, 47)) — 매트릭스 기반 coverage는 대표물질이 전담 가능. 단, 개별 §2·3·9 실측값(물성 등)은 물질마다 달라 완전한 정보손실은 아님(사람 검토 시 고려)",medium
7439-96-5,MANGANESE,wave2,DUPLICATE,MERGE_REDUNDANT,MC021_g42,7439-92-1,True,water,redundant_with_representative(matrix-level),"대표물질 7439-92-1(PHASE3_KEEP_EMPIRICAL)과 동일 그룹조합((42,)) — 매트릭스 기반 coverage는 대표물질이 전담 가능. 단, 개별 §2·3·9 실측값(물성 등)은 물질마다 달라 완전한 정보손실은 아님(사람 검토 시 고려)",medium
7439-98-7,MOLYBDENUM,wave2,DUPLICATE,MERGE_REDUNDANT,MC021_g42,7439-92-1,True,water,redundant_with_representative(matrix-level),"대표물질 7439-92-1(PHASE3_KEEP_EMPIRICAL)과 동일 그룹조합((42,)) — 매트릭스 기반 coverage는 대표물질이 전담 가능. 단, 개별 §2·3·9 실측값(물성 등)은 물질마다 달라 완전한 정보손실은 아님(사람 검토 시 고려)",medium
7440-06-4,PLATINUM,wave2,DUPLICATE,MERGE_REDUNDANT,MC021_g42,7439-92-1,True,water,redundant_with_representative(matrix-level),"대표물질 7439-92-1(PHASE3_KEEP_EMPIRICAL)과 동일 그룹조합((42,)) — 매트릭스 기반 coverage는 대표물질이 전담 가능. 단, 개별 §2·3·9 실측값(물성 등)은 물질마다 달라 완전한 정보손실은 아님(사람 검토 시 고려)",medium
7440-16-6,RHODIUM (METAL FUME),wave2,DUPLICATE,MERGE_REDUNDANT,MC021_g42,7439-92-1,True,water,redundant_with_representative(matrix-level),"대표물질 7439-92-1(PHASE3_KEEP_EMPIRICAL)과 동일 그룹조합((42,)) — 매트릭스 기반 coverage는 대표물질이 전담 가능. 단, 개별 §2·3·9 실측값(물성 등)은 물질마다 달라 완전한 정보손실은 아님(사람 검토 시 고려)",medium
7440-22-4,SILVER,wave2,DUPLICATE,MERGE_REDUNDANT,MC021_g42,7439-92-1,True,combustible_reducing;water,redundant_with_representative(matrix-level),"대표물질 7439-92-1(PHASE3_KEEP_EMPIRICAL)과 동일 그룹조합((42,)) — 매트릭스 기반 coverage는 대표물질이 전담 가능. 단, 개별 §2·3·9 실측값(물성 등)은 물질마다 달라 완전한 정보손실은 아님(사람 검토 시 고려)",medium
7440-31-5,TIN,wave2,DUPLICATE,MERGE_REDUNDANT,MC021_g42,7439-92-1,True,combustible_reducing;water,redundant_with_representative(matrix-level),"대표물질 7439-92-1(PHASE3_KEEP_EMPIRICAL)과 동일 그룹조합((42,)) — 매트릭스 기반 coverage는 대표물질이 전담 가능. 단, 개별 §2·3·9 실측값(물성 등)은 물질마다 달라 완전한 정보손실은 아님(사람 검토 시 고려)",medium
7440-33-7,TUNGSTEN,wave2,DUPLICATE,MERGE_REDUNDANT,MC021_g42,7439-92-1,True,water,redundant_with_representative(matrix-level),"대표물질 7439-92-1(PHASE3_KEEP_EMPIRICAL)과 동일 그룹조합((42,)) — 매트릭스 기반 coverage는 대표물질이 전담 가능. 단, 개별 §2·3·9 실측값(물성 등)은 물질마다 달라 완전한 정보손실은 아님(사람 검토 시 고려)",medium
10137-74-3,CALCIUM CHLORATE,wave2,REVIEW,MERGE_REDUNDANT,MC022_g50-61-68,7778-66-7,True,combustible_reducing;water,redundant_with_representative(matrix-level),"대표물질 7778-66-7(PHASE3_KEEP_EMPIRICAL)과 동일 그룹조합((50, 61, 68)) — 매트릭스 기반 coverage는 대표물질이 전담 가능. 단, 개별 §2·3·9 실측값(물성 등)은 물질마다 달라 완전한 정보손실은 아님(사람 검토 시 고려)",medium
11084-85-8,CHLORINATED TRISODIUM PHOSPHATE,wave2,REVIEW,MERGE_REDUNDANT,MC023_g50-61,14018-95-2,True,combustible_reducing;water,redundant_with_representative(matrix-level),"대표물질 14018-95-2(PHASE3_KEEP_EMPIRICAL)과 동일 그룹조합((50, 61)) — 매트릭스 기반 coverage는 대표물질이 전담 가능. 단, 개별 §2·3·9 실측값(물성 등)은 물질마다 달라 완전한 정보손실은 아님(사람 검토 시 고려)",medium
1304-29-6,BARIUM PEROXIDE,wave2,DUPLICATE,MERGE_REDUNDANT,MC023_g50-61,14018-95-2,True,combustible_reducing;water,redundant_with_representative(matrix-level),"대표물질 14018-95-2(PHASE3_KEEP_EMPIRICAL)과 동일 그룹조합((50, 61)) — 매트릭스 기반 coverage는 대표물질이 전담 가능. 단, 개별 §2·3·9 실측값(물성 등)은 물질마다 달라 완전한 정보손실은 아님(사람 검토 시 고려)",medium
1305-79-9,CALCIUM PEROXIDE,wave2,DUPLICATE,MERGE_REDUNDANT,MC023_g50-61,14018-95-2,True,combustible_reducing;water,redundant_with_representative(matrix-level),"대표물질 14018-95-2(PHASE3_KEEP_EMPIRICAL)과 동일 그룹조합((50, 61)) — 매트릭스 기반 coverage는 대표물질이 전담 가능. 단, 개별 §2·3·9 실측값(물성 등)은 물질마다 달라 완전한 정보손실은 아님(사람 검토 시 고려)",medium
1317-35-7,MANGANESE TETROXIDE,wave2,DUPLICATE,MERGE_REDUNDANT,MC023_g50-61,14018-95-2,True,combustible_reducing;water,redundant_with_representative(matrix-level),"대표물질 14018-95-2(PHASE3_KEEP_EMPIRICAL)과 동일 그룹조합((50, 61)) — 매트릭스 기반 coverage는 대표물질이 전담 가능. 단, 개별 §2·3·9 실측값(물성 등)은 물질마다 달라 완전한 정보손실은 아님(사람 검토 시 고려)",medium
13477-10-6,"BARIUM HYPOCHLORITE, WITH MORE THAN 22% AVAILABLE CHLORINE",wave2,DUPLICATE,MERGE_REDUNDANT,MC023_g50-61,14018-95-2,True,combustible_reducing;water,redundant_with_representative(matrix-level),"대표물질 14018-95-2(PHASE3_KEEP_EMPIRICAL)과 동일 그룹조합((50, 61)) — 매트릭스 기반 coverage는 대표물질이 전담 가능. 단, 개별 §2·3·9 실측값(물성 등)은 물질마다 달라 완전한 정보손실은 아님(사람 검토 시 고려)",medium
14307-35-8,LITHIUM CHROMATE,wave2,DUPLICATE,MERGE_REDUNDANT,MC023_g50-61,14018-95-2,True,combustible_reducing;water,redundant_with_representative(matrix-level),"대표물질 14018-95-2(PHASE3_KEEP_EMPIRICAL)과 동일 그룹조합((50, 61)) — 매트릭스 기반 coverage는 대표물질이 전담 가능. 단, 개별 §2·3·9 실측값(물성 등)은 물질마다 달라 완전한 정보손실은 아님(사람 검토 시 고려)",medium
14452-57-4,MAGNESIUM PEROXIDE,wave2,DUPLICATE,MERGE_REDUNDANT,MC023_g50-61,14018-95-2,True,combustible_reducing;water,redundant_with_representative(matrix-level),"대표물질 14018-95-2(PHASE3_KEEP_EMPIRICAL)과 동일 그룹조합((50, 61)) — 매트릭스 기반 coverage는 대표물질이 전담 가능. 단, 개별 §2·3·9 실측값(물성 등)은 물질마다 달라 완전한 정보손실은 아님(사람 검토 시 고려)",medium
7758-19-2,SODIUM CHLORITE,wave2,DUPLICATE,MERGE_REDUNDANT,MC023_g50-61,14018-95-2,True,combustible_reducing;water,redundant_with_representative(matrix-level),"대표물질 14018-95-2(PHASE3_KEEP_EMPIRICAL)과 동일 그룹조합((50, 61)) — 매트릭스 기반 coverage는 대표물질이 전담 가능. 단, 개별 §2·3·9 실측값(물성 등)은 물질마다 달라 완전한 정보손실은 아님(사람 검토 시 고려)",medium
7758-97-6,LEAD CHROMATE,wave2,DUPLICATE,MERGE_REDUNDANT,MC023_g50-61,14018-95-2,True,combustible_reducing;metal;water,redundant_with_representative(matrix-level),"대표물질 14018-95-2(PHASE3_KEEP_EMPIRICAL)과 동일 그룹조합((50, 61)) — 매트릭스 기반 coverage는 대표물질이 전담 가능. 단, 개별 §2·3·9 실측값(물성 등)은 물질마다 달라 완전한 정보손실은 아님(사람 검토 시 고려)",medium
7789-06-2,STRONTIUM CHROMATE,wave2,DUPLICATE,MERGE_REDUNDANT,MC023_g50-61,14018-95-2,True,combustible_reducing;water,redundant_with_representative(matrix-level),"대표물질 14018-95-2(PHASE3_KEEP_EMPIRICAL)과 동일 그룹조합((50, 61)) — 매트릭스 기반 coverage는 대표물질이 전담 가능. 단, 개별 §2·3·9 실측값(물성 등)은 물질마다 달라 완전한 정보손실은 아님(사람 검토 시 고려)",medium
2782-57-2,"DICHLOROISOCYANURIC ACID, DRY",wave2,REVIEW,MERGE_REDUNDANT,MC024_g7-32-50,118-52-5,True,combustible_reducing;water,redundant_with_representative(matrix-level),"대표물질 118-52-5(PHASE3_KEEP_EMPIRICAL)과 동일 그룹조합((7, 32, 50)) — 매트릭스 기반 coverage는 대표물질이 전담 가능. 단, 개별 §2·3·9 실측값(물성 등)은 물질마다 달라 완전한 정보손실은 아님(사람 검토 시 고려)",medium
7727-54-0,AMMONIUM PERSULFATE,wave2,DUPLICATE,MERGE_REDUNDANT,MC025_g50-60,13446-10-1,True,combustible_reducing;water,redundant_with_representative(matrix-level),"대표물질 13446-10-1(PHASE3_KEEP_EMPIRICAL)과 동일 그룹조합((50, 60)) — 매트릭스 기반 coverage는 대표물질이 전담 가능. 단, 개별 §2·3·9 실측값(물성 등)은 물질마다 달라 완전한 정보손실은 아님(사람 검토 시 고려)",medium
7789-09-5,AMMONIUM DICHROMATE,wave2,DUPLICATE,MERGE_REDUNDANT,MC025_g50-60,13446-10-1,True,combustible_reducing;water,redundant_with_representative(matrix-level),"대표물질 13446-10-1(PHASE3_KEEP_EMPIRICAL)과 동일 그룹조합((50, 60)) — 매트릭스 기반 coverage는 대표물질이 전담 가능. 단, 개별 §2·3·9 실측값(물성 등)은 물질마다 달라 완전한 정보손실은 아님(사람 검토 시 고려)",medium
7790-98-9,AMMONIUM PERCHLORATE,wave2,DUPLICATE,MERGE_REDUNDANT,MC025_g50-60,13446-10-1,True,combustible_reducing;water,redundant_with_representative(matrix-level),"대표물질 13446-10-1(PHASE3_KEEP_EMPIRICAL)과 동일 그룹조합((50, 60)) — 매트릭스 기반 coverage는 대표물질이 전담 가능. 단, 개별 §2·3·9 실측값(물성 등)은 물질마다 달라 완전한 정보손실은 아님(사람 검토 시 고려)",medium
7775-09-9,SODIUM CHLORATE,wave2,DUPLICATE,MERGE_REDUNDANT,MC026_g50-68,3811-04-9,True,combustible_reducing;water,redundant_with_representative(matrix-level),"대표물질 3811-04-9(PHASE3_KEEP_EMPIRICAL)과 동일 그룹조합((50, 68)) — 매트릭스 기반 coverage는 대표물질이 전담 가능. 단, 개별 §2·3·9 실측값(물성 등)은 물질마다 달라 완전한 정보손실은 아님(사람 검토 시 고려)",medium
7783-66-6,IODINE PENTAFLUORIDE,wave2,DUPLICATE,MERGE_REDUNDANT,MC027_g32-50,14977-61-8,True,combustible_reducing;metal;water,redundant_with_representative(matrix-level),"대표물질 14977-61-8(PHASE3_KEEP_EMPIRICAL)과 동일 그룹조합((32, 50)) — 매트릭스 기반 coverage는 대표물질이 전담 가능. 단, 개별 §2·3·9 실측값(물성 등)은 물질마다 달라 완전한 정보손실은 아님(사람 검토 시 고려)",medium
7790-99-0,IODINE MONOCHLORIDE,wave2,DUPLICATE,MERGE_REDUNDANT,MC027_g32-50,14977-61-8,True,metal;water,redundant_with_representative(matrix-level),"대표물질 14977-61-8(PHASE3_KEEP_EMPIRICAL)과 동일 그룹조합((32, 50)) — 매트릭스 기반 coverage는 대표물질이 전담 가능. 단, 개별 §2·3·9 실측값(물성 등)은 물질마다 달라 완전한 정보손실은 아님(사람 검토 시 고려)",medium
7791-21-1,CHLORINE MONOXIDE,wave2,DUPLICATE,MERGE_REDUNDANT,MC027_g32-50,14977-61-8,True,combustible_reducing;water,redundant_with_representative(matrix-level),"대표물질 14977-61-8(PHASE3_KEEP_EMPIRICAL)과 동일 그룹조합((32, 50)) — 매트릭스 기반 coverage는 대표물질이 전담 가능. 단, 개별 §2·3·9 실측값(물성 등)은 물질마다 달라 완전한 정보손실은 아님(사람 검토 시 고려)",medium
15699-18-0,NICKEL AMMONIUM SULFATE,wave2,REVIEW,MERGE_REDUNDANT,MC028_g51-60,7803-55-6,True,combustible_reducing;water,redundant_with_representative(matrix-level),"대표물질 7803-55-6(PHASE3_KEEP_EMPIRICAL)과 동일 그룹조합((51, 60)) — 매트릭스 기반 coverage는 대표물질이 전담 가능. 단, 개별 §2·3·9 실측값(물성 등)은 물질마다 달라 완전한 정보손실은 아님(사람 검토 시 고려)",medium
7787-41-9,BARIUM SELENATE,wave2,DUPLICATE,MERGE_REDUNDANT,MC029_g51-61,13718-26-8,True,combustible_reducing;metal;water,redundant_with_representative(matrix-level),"대표물질 13718-26-8(PHASE3_KEEP_EMPIRICAL)과 동일 그룹조합((51, 61)) — 매트릭스 기반 coverage는 대표물질이 전담 가능. 단, 개별 §2·3·9 실측값(물성 등)은 물질마다 달라 완전한 정보손실은 아님(사람 검토 시 고려)",medium
21651-19-4,TIN(II) OXIDE,wave2,DUPLICATE,MERGE_REDUNDANT,MC030_g58,10049-05-5,True,combustible_reducing;water,redundant_with_representative(matrix-level),"대표물질 10049-05-5(PHASE3_KEEP_EMPIRICAL)과 동일 그룹조합((58,)) — 매트릭스 기반 coverage는 대표물질이 전담 가능. 단, 개별 §2·3·9 실측값(물성 등)은 물질마다 달라 완전한 정보손실은 아님(사람 검토 시 고려)",medium
5470-11-1,HYDROXYLAMINE HYDROCHLORIDE,wave2,REVIEW,MERGE_REDUNDANT,MC031_g58-60,10039-54-0,True,combustible_reducing;metal;water,redundant_with_representative(matrix-level),"대표물질 10039-54-0(PHASE3_KEEP_EMPIRICAL)과 동일 그룹조합((58, 60)) — 매트릭스 기반 coverage는 대표물질이 전담 가능. 단, 개별 §2·3·9 실측값(물성 등)은 물질마다 달라 완전한 정보손실은 아님(사람 검토 시 고려)",medium
7772-99-8,"STANNOUS CHLORIDE, SOLID",wave2,DUPLICATE,MERGE_REDUNDANT,MC031_g58-60,10039-54-0,True,combustible_reducing;metal;water,redundant_with_representative(matrix-level),"대표물질 10039-54-0(PHASE3_KEEP_EMPIRICAL)과 동일 그룹조합((58, 60)) — 매트릭스 기반 coverage는 대표물질이 전담 가능. 단, 개별 §2·3·9 실측값(물성 등)은 물질마다 달라 완전한 정보손실은 아님(사람 검토 시 고려)",medium
7803-65-8,AMMONIUM HYPOPHOSPHITE,wave2,DUPLICATE,MERGE_REDUNDANT,MC031_g58-60,10039-54-0,True,combustible_reducing;water,redundant_with_representative(matrix-level),"대표물질 10039-54-0(PHASE3_KEEP_EMPIRICAL)과 동일 그룹조합((58, 60)) — 매트릭스 기반 coverage는 대표물질이 전담 가능. 단, 개별 §2·3·9 실측값(물성 등)은 물질마다 달라 완전한 정보손실은 아님(사람 검토 시 고려)",medium
127-95-7,POTASSIUM HYDROGEN OXALATE,wave2,REVIEW,MERGE_REDUNDANT,MC032_g59-61,10026-17-2,True,combustible_reducing;water,redundant_with_representative(matrix-level),"대표물질 10026-17-2(PHASE3_KEEP_EMPIRICAL)과 동일 그룹조합((59, 61)) — 매트릭스 기반 coverage는 대표물질이 전담 가능. 단, 개별 §2·3·9 실측값(물성 등)은 물질마다 달라 완전한 정보손실은 아님(사람 검토 시 고려)",medium
516-03-0,FERROUS OXALATE,wave2,DUPLICATE,MERGE_REDUNDANT,MC032_g59-61,10026-17-2,True,combustible_reducing;water,redundant_with_representative(matrix-level),"대표물질 10026-17-2(PHASE3_KEEP_EMPIRICAL)과 동일 그룹조합((59, 61)) — 매트릭스 기반 coverage는 대표물질이 전담 가능. 단, 개별 §2·3·9 실측값(물성 등)은 물질마다 달라 완전한 정보손실은 아님(사람 검토 시 고려)",medium
62-76-0,SODIUM OXALATE,wave2,DUPLICATE,MERGE_REDUNDANT,MC032_g59-61,10026-17-2,True,combustible_reducing;water,redundant_with_representative(matrix-level),"대표물질 10026-17-2(PHASE3_KEEP_EMPIRICAL)과 동일 그룹조합((59, 61)) — 매트릭스 기반 coverage는 대표물질이 전담 가능. 단, 개별 §2·3·9 실측값(물성 등)은 물질마다 달라 완전한 정보손실은 아님(사람 검토 시 고려)",medium
6487-48-5,POTASSIUM OXALATE MONOHYDRATE,wave2,DUPLICATE,MERGE_REDUNDANT,MC032_g59-61,10026-17-2,True,combustible_reducing;metal;water,redundant_with_representative(matrix-level),"대표물질 10026-17-2(PHASE3_KEEP_EMPIRICAL)과 동일 그룹조합((59, 61)) — 매트릭스 기반 coverage는 대표물질이 전담 가능. 단, 개별 §2·3·9 실측값(물성 등)은 물질마다 달라 완전한 정보손실은 아님(사람 검토 시 고려)",medium
7681-11-0,POTASSIUM IODIDE,wave2,DUPLICATE,MERGE_REDUNDANT,MC032_g59-61,10026-17-2,True,combustible_reducing;water,redundant_with_representative(matrix-level),"대표물질 10026-17-2(PHASE3_KEEP_EMPIRICAL)과 동일 그룹조합((59, 61)) — 매트릭스 기반 coverage는 대표물질이 전담 가능. 단, 개별 §2·3·9 실측값(물성 등)은 물질마다 달라 완전한 정보손실은 아님(사람 검토 시 고려)",medium
1341-49-7,"AMMONIUM BIFLUORIDE, SOLID",wave2,REVIEW,MERGE_REDUNDANT,MC033_g29-60-68,1333-83-1,True,combustible_reducing;metal;water,redundant_with_representative(matrix-level),"대표물질 1333-83-1(PHASE3_KEEP_EMPIRICAL)과 동일 그룹조합((29, 60, 68)) — 매트릭스 기반 coverage는 대표물질이 전담 가능. 단, 개별 §2·3·9 실측값(물성 등)은 물질마다 달라 완전한 정보손실은 아님(사람 검토 시 고려)",medium
7789-29-9,POTASSIUM BIFLUORIDE,wave2,DUPLICATE,MERGE_REDUNDANT,MC033_g29-60-68,1333-83-1,True,combustible_reducing;metal;water,redundant_with_representative(matrix-level),"대표물질 1333-83-1(PHASE3_KEEP_EMPIRICAL)과 동일 그룹조합((29, 60, 68)) — 매트릭스 기반 coverage는 대표물질이 전담 가능. 단, 개별 §2·3·9 실측값(물성 등)은 물질마다 달라 완전한 정보손실은 아님(사람 검토 시 고려)",medium
13780-03-5,"CALCIUM HYDROGEN SULFITE, SOLUTION",wave2,REVIEW,MERGE_REDUNDANT,MC034_g65-68,13774-25-9,True,combustible_reducing;water,redundant_with_representative(matrix-level),"대표물질 13774-25-9(PHASE3_KEEP_EMPIRICAL)과 동일 그룹조합((65, 68)) — 매트릭스 기반 coverage는 대표물질이 전담 가능. 단, 개별 §2·3·9 실측값(물성 등)은 물질마다 달라 완전한 정보손실은 아님(사람 검토 시 고려)",medium
7631-90-5,SODIUM BISULFITE,wave2,DUPLICATE,MERGE_REDUNDANT,MC034_g65-68,13774-25-9,True,combustible_reducing;metal;water,redundant_with_representative(matrix-level),"대표물질 13774-25-9(PHASE3_KEEP_EMPIRICAL)과 동일 그룹조합((65, 68)) — 매트릭스 기반 coverage는 대표물질이 전담 가능. 단, 개별 §2·3·9 실측값(물성 등)은 물질마다 달라 완전한 정보손실은 아님(사람 검토 시 고려)",medium
7773-03-7,POTASSIUM BISULFITE SOLUTION,wave2,DUPLICATE,MERGE_REDUNDANT,MC034_g65-68,13774-25-9,True,water,redundant_with_representative(matrix-level),"대표물질 13774-25-9(PHASE3_KEEP_EMPIRICAL)과 동일 그룹조합((65, 68)) — 매트릭스 기반 coverage는 대표물질이 전담 가능. 단, 개별 §2·3·9 실측값(물성 등)은 물질마다 달라 완전한 정보손실은 아님(사람 검토 시 고려)",medium
14708-14-6,NICKEL FLUOROBORATE,wave2,DUPLICATE,MERGE_REDUNDANT,MC035_g47-68,13814-96-5,True,combustible_reducing;metal;water,redundant_with_representative(matrix-level),"대표물질 13814-96-5(PHASE3_KEEP_EMPIRICAL)과 동일 그룹조합((47, 68)) — 매트릭스 기반 coverage는 대표물질이 전담 가능. 단, 개별 §2·3·9 실측값(물성 등)은 물질마다 달라 완전한 정보손실은 아님(사람 검토 시 고려)",medium
38465-60-0,COPPER FLUOROBORATE,wave2,DUPLICATE,MERGE_REDUNDANT,MC035_g47-68,13814-96-5,True,combustible_reducing;metal;water,redundant_with_representative(matrix-level),"대표물질 13814-96-5(PHASE3_KEEP_EMPIRICAL)과 동일 그룹조합((47, 68)) — 매트릭스 기반 coverage는 대표물질이 전담 가능. 단, 개별 §2·3·9 실측값(물성 등)은 물질마다 달라 완전한 정보손실은 아님(사람 검토 시 고려)",medium
151-50-8,POTASSIUM CYANIDE,wave2,REVIEW,MERGE_REDUNDANT,MC036_g19-24-68,143-33-9,True,metal;water,redundant_with_representative(matrix-level),"대표물질 143-33-9(PHASE3_KEEP_EMPIRICAL)과 동일 그룹조합((19, 24, 68)) — 매트릭스 기반 coverage는 대표물질이 전담 가능. 단, 개별 §2·3·9 실측값(물성 등)은 물질마다 달라 완전한 정보손실은 아님(사람 검토 시 고려)",medium
16961-83-4,FLUOROSILICIC ACID,wave2,DUPLICATE,MERGE_REDUNDANT,MC037_g3-29-68,16940-81-1,True,combustible_reducing;metal;water,redundant_with_representative(matrix-level),"대표물질 16940-81-1(PHASE3_KEEP_EMPIRICAL)과 동일 그룹조합((3, 29, 68)) — 매트릭스 기반 coverage는 대표물질이 전담 가능. 단, 개별 §2·3·9 실측값(물성 등)은 물질마다 달라 완전한 정보손실은 아님(사람 검토 시 고려)",medium
3025-88-5,"2,5-DIMETHYL-2,5-DIHYDROPEROXY HEXANE, NOT MORE THAN 82% WITH WATER",wave2,DUPLICATE,MERGE_REDUNDANT,MC038_g53-68,110-22-5,True,combustible_reducing;water,redundant_with_representative(matrix-level),"대표물질 110-22-5(PHASE3_KEEP_EMPIRICAL)과 동일 그룹조합((53, 68)) — 매트릭스 기반 coverage는 대표물질이 전담 가능. 단, 개별 §2·3·9 실측값(물성 등)은 물질마다 달라 완전한 정보손실은 아님(사람 검토 시 고려)",medium
7783-18-8,AMMONIUM THIOSULFATE,wave2,REVIEW,MERGE_REDUNDANT,MC039_g60-65-68,10192-30-0,True,combustible_reducing;water,redundant_with_representative(matrix-level),"대표물질 10192-30-0(PHASE3_KEEP_EMPIRICAL)과 동일 그룹조합((60, 65, 68)) — 매트릭스 기반 coverage는 대표물질이 전담 가능. 단, 개별 §2·3·9 실측값(물성 등)은 물질마다 달라 완전한 정보손실은 아님(사람 검토 시 고려)",medium
7788-97-8,"CHROMIC FLUORIDE, SOLID",wave2,DUPLICATE,MERGE_REDUNDANT,MC040_g61-68,7681-49-4,True,combustible_reducing;metal;water,redundant_with_representative(matrix-level),"대표물질 7681-49-4(PHASE3_KEEP_EMPIRICAL)과 동일 그룹조합((61, 68)) — 매트릭스 기반 coverage는 대표물질이 전담 가능. 단, 개별 §2·3·9 실측값(물성 등)은 물질마다 달라 완전한 정보손실은 아님(사람 검토 시 고려)",medium
78-18-2,1-HYDROXY-1&#39;-HYDROPEROXY DICYCLOHEXYL PEROXIDE,wave2,DUPLICATE,MERGE_REDUNDANT,MC041_g1-8-53-68,12262-58-7,True,combustible_reducing;water,redundant_with_representative(matrix-level),"대표물질 12262-58-7(PHASE3_KEEP_EMPIRICAL)과 동일 그룹조합((1, 8, 53, 68)) — 매트릭스 기반 coverage는 대표물질이 전담 가능. 단, 개별 §2·3·9 실측값(물성 등)은 물질마다 달라 완전한 정보손실은 아님(사람 검토 시 고려)",medium
103-75-3,ETHOXYDIHYDROPYRAN,wave1,UNSUPPORTED,NEEDS_EVIDENCE,,,False,no_data,unclear,REVIEW_REASON=insufficient_section10+unclear_empirical_relevance+section2_has_unexamined_content,low
1271-19-8,TITANOCENE DICHLORIDE,wave1,UNSUPPORTED,NEEDS_EVIDENCE,,,False,no_data,unclear,REVIEW_REASON=insufficient_section10+unclear_empirical_relevance+section2_has_unexamined_content,low
10265-92-6,METHAMIDOPHOS,wave1,UNSUPPORTED,NEEDS_EVIDENCE,,,False,no_data,unclear,REVIEW_REASON=insufficient_section10+unclear_empirical_relevance+section2_has_unexamined_content,low
100-73-2,"ACROLEIN DIMER, STABILIZED",wave1,UNSUPPORTED,NEEDS_EVIDENCE,,,False,no_data,unclear,REVIEW_REASON=insufficient_section10+unclear_empirical_relevance+section2_has_unexamined_content,low
101-39-3,ALPHA-METHYLCINNAMALDEHYDE,wave1,UNSUPPORTED,NEEDS_EVIDENCE,,,False,no_data,unclear,REVIEW_REASON=insufficient_section10+unclear_empirical_relevance+section2_has_unexamined_content,low
101-20-2,TRICLOCARBAN,wave1,UNSUPPORTED,NEEDS_EVIDENCE,,,False,no_data,unclear,REVIEW_REASON=insufficient_section10+unclear_empirical_relevance+section2_has_unexamined_content,low
100-00-5,P-NITROCHLOROBENZENE,wave1,UNSUPPORTED,NEEDS_EVIDENCE,,,False,no_data,unclear,REVIEW_REASON=insufficient_section10+unclear_empirical_relevance+section2_has_unexamined_content,low
101-05-3,ANILAZINE,wave1,UNSUPPORTED,NEEDS_EVIDENCE,,,False,no_data,unclear,REVIEW_REASON=insufficient_section10+unclear_empirical_relevance+section2_has_unexamined_content,low
100-16-3,"4-NITROPHENYLHYDRAZINE, [WETTED WITH NOT LESS THAN 30% WATER BY MASS]",wave1,UNSUPPORTED,NEEDS_EVIDENCE,,,False,,unclear,REVIEW_REASON=insufficient_section10+unclear_redundancy+section2_has_unexamined_content,low
100-57-2,PHENYLMERCURIC HYDROXIDE,wave1,UNSUPPORTED,NEEDS_EVIDENCE,,,False,no_data,unclear,REVIEW_REASON=insufficient_section10+unclear_empirical_relevance+section2_has_unexamined_content,low
12124-99-1,"AMMONIUM HYDROSULFIDE, SOLUTION",wave1,UNSUPPORTED,NEEDS_EVIDENCE,,,False,no_data,unclear,REVIEW_REASON=insufficient_section10+unclear_empirical_relevance+section2_has_unexamined_content,low
1335-31-5,MERCURIC OXYCYANIDE,wave1,UNSUPPORTED,NEEDS_EVIDENCE,,,False,no_data,unclear,REVIEW_REASON=insufficient_section10+unclear_empirical_relevance+section2_has_unexamined_content,low
1031-07-8,ENDOSULFAN SULFATE,wave1,UNSUPPORTED,NEEDS_EVIDENCE,,,False,no_data,unclear,REVIEW_REASON=insufficient_section10+unclear_empirical_relevance+section2_has_unexamined_content,low
1031-47-6,TRIAMIPHOS,wave1,UNSUPPORTED,NEEDS_EVIDENCE,,,False,no_data,unclear,REVIEW_REASON=insufficient_section10+unclear_empirical_relevance+section2_has_unexamined_content,low
104-46-1,ANETHOLE,wave1,REVIEW,UNRESOLVED,,,False,no_data,unclear,REVIEW_REASON=insufficient_section10+unclear_empirical_relevance,low
109-53-5,VINYL ISOBUTYL ETHER,wave1,REVIEW,NEEDS_EVIDENCE,,,False,no_data,unclear,REVIEW_REASON=insufficient_section10+unclear_empirical_relevance+section2_has_unexamined_content,low
109-59-1,ETHYLENE GLYCOL ISOPROPYL ETHER,wave1,REVIEW,NEEDS_EVIDENCE,,,False,no_data,unclear,REVIEW_REASON=insufficient_section10+unclear_empirical_relevance+section2_has_unexamined_content,low
101-80-4,"4,4&#39;-DIAMINODIPHENYL ETHER",wave1,UNSUPPORTED,NEEDS_EVIDENCE,,,False,no_data,unclear,REVIEW_REASON=insufficient_section10+unclear_empirical_relevance+section2_has_unexamined_content,low
103-50-4,DIBENZYL ETHER,wave1,UNSUPPORTED,NEEDS_EVIDENCE,,,False,no_data,unclear,REVIEW_REASON=insufficient_section10+unclear_redundancy+section2_has_unexamined_content,low
100-14-1,"BENZENE, 1-(CHLOROMETHYL)-4-NITRO-",wave1,UNSUPPORTED,NEEDS_EVIDENCE,,,False,no_data,unclear,REVIEW_REASON=insufficient_section10+unclear_empirical_relevance+section2_has_unexamined_content,low
10222-01-2,"2,2-DIBROMO-3-NITRILOPROPIONAMIDE",wave1,UNSUPPORTED,NEEDS_EVIDENCE,,,False,no_data,unclear,REVIEW_REASON=insufficient_section10+unclear_empirical_relevance+section2_has_unexamined_content,low
1024-57-3,HEPTACHLOR EPOXIDE,wave1,UNSUPPORTED,NEEDS_EVIDENCE,,,False,no_data,unclear,REVIEW_REASON=insufficient_section10+unclear_empirical_relevance+section2_has_unexamined_content,low
10311-84-9,DIALIFOR,wave1,UNSUPPORTED,NEEDS_EVIDENCE,,,False,no_data,unclear,REVIEW_REASON=insufficient_section10+unclear_empirical_relevance+section2_has_unexamined_content,low
1333-86-4,CARBON BLACK,wave1,UNSUPPORTED,NEEDS_EVIDENCE,,,False,no_data,unclear,REVIEW_REASON=insufficient_section10+unclear_redundancy+section2_has_unexamined_content,low
105-87-3,GERANYL ACETATE,wave1,REVIEW,NEEDS_EVIDENCE,,,False,no_data,unclear,REVIEW_REASON=insufficient_section10+unclear_empirical_relevance+section2_has_unexamined_content,low
115-86-6,TRIPHENYL PHOSPHATE,wave1,REVIEW,NEEDS_EVIDENCE,,,False,,unclear,REVIEW_REASON=insufficient_section10+unclear_empirical_relevance+section2_has_unexamined_content,low
102-54-5,FERROCENE,wave1,UNSUPPORTED,NEEDS_EVIDENCE,,,False,no_data,unclear,REVIEW_REASON=insufficient_section10+unclear_empirical_relevance+section2_has_unexamined_content,low
107-70-0,4-METHOXY-4-METHYLPENTAN-2-ONE,wave1,UNSUPPORTED,NEEDS_EVIDENCE,,,False,no_data,unclear,REVIEW_REASON=insufficient_section10+unclear_empirical_relevance+section2_has_unexamined_content,low
102-67-0,TRIPROPYLALUMINUM,wave1,UNSUPPORTED,NEEDS_EVIDENCE,,,False,,unclear,REVIEW_REASON=insufficient_section10+unclear_empirical_relevance+section2_has_unexamined_content,low
1191-80-6,MERCURY OLEATE,wave1,UNSUPPORTED,UNRESOLVED,,,False,no_data,unclear,REVIEW_REASON=insufficient_section10+unclear_empirical_relevance,low
104-85-8,P-TOLUNITRILE,wave1,UNSUPPORTED,UNRESOLVED,,,False,no_data,unclear,REVIEW_REASON=insufficient_section10+unclear_empirical_relevance,low
105-56-6,ETHYL CYANOACETATE,wave1,UNSUPPORTED,NEEDS_EVIDENCE,,,False,no_data,unclear,REVIEW_REASON=insufficient_section10+unclear_empirical_relevance+section2_has_unexamined_content,low
1271-28-9,NICKELOCENE,wave1,REVIEW,NEEDS_EVIDENCE,,,False,no_data,unclear,REVIEW_REASON=insufficient_section10+unclear_redundancy+section2_has_unexamined_content,low
1303-28-2,ARSENIC PENTOXIDE,wave1,UNSUPPORTED,NEEDS_EVIDENCE,,,False,no_data,unclear,REVIEW_REASON=insufficient_section10+unclear_empirical_relevance+section2_has_unexamined_content,low
1312-03-4,"MERCURIC SUBSULFATE, [SOLID]",wave1,UNSUPPORTED,NEEDS_EVIDENCE,,,False,no_data,unclear,REVIEW_REASON=insufficient_section10+unclear_empirical_relevance+section2_has_unexamined_content,low
10169-02-5,C.I. ACID RED 97,wave1,UNSUPPORTED,NEEDS_EVIDENCE,,,False,no_data,unclear,REVIEW_REASON=insufficient_section10+unclear_empirical_relevance+section2_has_unexamined_content,low
10031-13-7,LEAD(II) ARSENITE,wave1,UNSUPPORTED,NEEDS_EVIDENCE,,,False,no_data,unclear,REVIEW_REASON=insufficient_section10+unclear_empirical_relevance+section2_has_unexamined_content,low
111-54-6,"ETHYLENEBISDITHIOCARBAMIC ACID, SALTS AND ESTERS",wave1,UNSUPPORTED,NEEDS_EVIDENCE,,,False,no_data,unclear,REVIEW_REASON=insufficient_section10+unclear_empirical_relevance+section2_has_unexamined_content,low
15829-53-5,MERCURY OXIDE,wave2,REVIEW,NEEDS_EVIDENCE,,,False,no_data,unclear,REVIEW_REASON=insufficient_section10+unclear_redundancy+section2_has_unexamined_content,low
7774-29-0,MERCURY IODIDE,wave2,REVIEW,NEEDS_EVIDENCE,,,False,no_data,unclear,REVIEW_REASON=insufficient_section10+unclear_empirical_relevance+section2_has_unexamined_content,low
1333-82-0,"CHROMIUM TRIOXIDE, ANHYDROUS",wave2,REVIEW,NEEDS_EVIDENCE,,,False,no_data,unclear,REVIEW_REASON=insufficient_section10+unclear_empirical_relevance+section2_has_unexamined_content,low
146-84-9,"SILVER PICRATE, WETTED WITH NOT LESS THAN 30% WATER",wave2,REVIEW,NEEDS_EVIDENCE,,,False,no_data,unclear,REVIEW_REASON=insufficient_section10+unclear_empirical_relevance+section2_has_unexamined_content,low
7783-56-4,ANTIMONY TRIFLUORIDE,wave2,REVIEW,NEEDS_EVIDENCE,,,False,no_data,unclear,REVIEW_REASON=insufficient_section10+unclear_empirical_relevance+section2_has_unexamined_content,low
1643-20-5,DIMETHYLDODECYLAMINE-N-OXIDE,wave2,REVIEW,NEEDS_EVIDENCE,,,False,no_data,unclear,REVIEW_REASON=insufficient_section10+unclear_empirical_relevance+section2_has_unexamined_content,low
592-85-8,MERCURY THIOCYANATE,wave2,REVIEW,NEEDS_EVIDENCE,,,False,no_data,unclear,REVIEW_REASON=insufficient_section10+unclear_redundancy+section2_has_unexamined_content,low
7783-47-3,STANNOUS FLUORIDE,wave2,REVIEW,NEEDS_EVIDENCE,,,False,no_data,unclear,REVIEW_REASON=insufficient_section10+unclear_empirical_relevance+section2_has_unexamined_content,low
1327-53-3,ARSENIC TRIOXIDE,wave2,REVIEW,NEEDS_EVIDENCE,,,False,no_data,unclear,REVIEW_REASON=insufficient_section10+unclear_empirical_relevance+section2_has_unexamined_content,low
140-08-9,TRIS(2-CHLOROETHYL)PHOSPHITE,wave2,REVIEW,NEEDS_EVIDENCE,,,False,no_data,unclear,REVIEW_REASON=insufficient_section10+unclear_empirical_relevance+section2_has_unexamined_content,low
15283-51-9,FERROUS FLUOROBORATE,wave2,REVIEW,NEEDS_EVIDENCE,,,False,no_data,unclear,REVIEW_REASON=insufficient_section10+unclear_empirical_relevance+section2_has_unexamined_content,low
118-96-7,"TNT, WETTED WITH NOT LESS THAN 30% WATER",wave2,REVIEW,NEEDS_EVIDENCE,,,False,no_data,unclear,REVIEW_REASON=insufficient_section10+unclear_redundancy+section2_has_unexamined_content,low
128-03-0,POTASSIUM DIMETHYLDITHIOCARBAMATE,wave2,REVIEW,NEEDS_EVIDENCE,,,False,no_data,unclear,REVIEW_REASON=insufficient_section10+unclear_redundancy+section2_has_unexamined_content,low
131-74-8,"AMMONIUM PICRATE, WETTED WITH NOT LESS THAN 10% WATER",wave2,REVIEW,NEEDS_EVIDENCE,,,False,no_data,unclear,REVIEW_REASON=insufficient_section10+unclear_empirical_relevance+section2_has_unexamined_content,low
15245-44-0,"LEAD STYPHNATE, [WETTED WITH &gt;= 20 % WATER OR MIXTURE OF ALCOHOL AND WATER]",wave2,REVIEW,NEEDS_EVIDENCE,,,False,no_data,unclear,REVIEW_REASON=insufficient_section10+unclear_empirical_relevance+section2_has_unexamined_content,low
18810-58-7,"BARIUM AZIDE, WETTED WITH NOT LESS THAN 50% WATER",wave2,REVIEW,NEEDS_EVIDENCE,,,False,no_data,unclear,REVIEW_REASON=insufficient_section10+unclear_empirical_relevance+section2_has_unexamined_content,low
2217-06-3,"DIPICRYL SULFIDE, WETTED WITH NOT LESS THAN 10% WATER",wave2,REVIEW,NEEDS_EVIDENCE,,,False,no_data,unclear,REVIEW_REASON=insufficient_section10+unclear_empirical_relevance+section2_has_unexamined_content,low
25550-58-7,"DINITROPHENOL, SOLUTION",wave2,REVIEW,NEEDS_EVIDENCE,,,False,no_data,unclear,REVIEW_REASON=insufficient_section10+unclear_redundancy+section2_has_unexamined_content,low
50-00-0,FORMALDEHYDE,wave2,REVIEW,NEEDS_EVIDENCE,,,False,no_data,unclear,REVIEW_REASON=insufficient_section10+unclear_empirical_relevance+section2_has_unexamined_content,low
545-55-1,TRIS(1-AZIRIDINYL) PHOSPHINE OXIDE,wave2,REVIEW,NEEDS_EVIDENCE,,,False,,unclear,REVIEW_REASON=insufficient_section10+unclear_empirical_relevance+section2_has_unexamined_content,low
556-88-7,"NITROGUANIDINE, WETTED WITH NOT LESS THAN 20% WATER",wave2,REVIEW,NEEDS_EVIDENCE,,,False,no_data,unclear,REVIEW_REASON=insufficient_section10+unclear_empirical_relevance+section2_has_unexamined_content,low
57-12-5,"CYANIDE SOLUTION, N.O.S.",wave2,REVIEW,NEEDS_EVIDENCE,,,False,no_data,unclear,REVIEW_REASON=insufficient_section10+unclear_redundancy+section2_has_unexamined_content,low
63868-82-6,ZIRCONIUM PICRAMATE,wave2,REVIEW,NEEDS_EVIDENCE,,,False,no_data,unclear,REVIEW_REASON=insufficient_section10+unclear_redundancy+section2_has_unexamined_content,low
96-91-3,"2-AMINO-4,6-DINITROPHENOL",wave2,REVIEW,NEEDS_EVIDENCE,,,False,no_data,unclear,REVIEW_REASON=insufficient_section10+unclear_empirical_relevance+section2_has_unexamined_content,low
23950-58-5,"3,5-DICHLORO-N-(1,1-DIMETHYL-2-PROPYNYL)BENZAMIDE",phase2_add,ADD(PHASE2),ADD_CONFIRMED,,,true,,target_groups=['10'],"true_groups=(10, 12, 16) 기존/다른 ADD후보와 비중복, 대상 그룹(10) scarcity 완화 — Phase2 coverage gain 재확인",high
57-63-6,ETHINYLESTRADIOL,phase2_add,ADD(PHASE2),ADD_CONFIRMED,,,true,,target_groups=['10'],"true_groups=(8, 10, 34) 기존/다른 ADD후보와 비중복, 대상 그룹(10) scarcity 완화 — Phase2 coverage gain 재확인",high
1068-27-5,"2,5-DIMETHYL-2,5-BIS(TERT-BUTYLPEROXY)-3-HEXYNE",phase2_add,ADD(PHASE2),ADD_CONFIRMED,,,true,,target_groups=['11'],"true_groups=(11, 34, 53) 기존/다른 ADD후보와 비중복, 대상 그룹(11) scarcity 완화 — Phase2 coverage gain 재확인",high
1111-78-0,AMMONIUM CARBAMATE,phase2_add,ADD(PHASE2),ADD_CONFIRMED,,,true,,target_groups=['20'],"true_groups=(20, 60) 기존/다른 ADD후보와 비중복, 대상 그룹(20) scarcity 완화 — Phase2 coverage gain 재확인",high
1129-41-5,METOLCARB,phase2_add,ADD(PHASE2),ADD_CONFIRMED,,,true,,target_groups=['20'],"true_groups=(20,) 기존/다른 ADD후보와 비중복, 대상 그룹(20) scarcity 완화 — Phase2 coverage gain 재확인",high
27137-85-5,DICHLOROPHENYLTRICHLOROSILANE,phase2_add,ADD(PHASE2),ADD_CONFIRMED,,,true,,target_groups=['22'],"true_groups=(16, 22) 기존/다른 ADD후보와 비중복, 대상 그룹(22) scarcity 완화 — Phase2 coverage gain 재확인",high
5894-60-0,HEXADECYLTRICHLOROSILANE,phase2_add,ADD(PHASE2),ADD_CONFIRMED,,,true,,target_groups=['22'],"true_groups=(22,) 기존/다른 ADD후보와 비중복, 대상 그룹(22) scarcity 완화 — Phase2 coverage gain 재확인",high
129-17-9,SULFAN BLUE,phase2_add,ADD(PHASE2),ADD_CONFIRMED,,,true,,"target_groups=['23', '57']","true_groups=(13, 23, 57, 61) 기존/다른 ADD후보와 비중복, 대상 그룹(23,57) scarcity 완화 — Phase2 coverage gain 재확인",high
102-36-3,"ISOCYANIC ACID, 3,4-DICHLOROPHENYL ESTER",phase2_add,ADD(PHASE2),ADD_CONFIRMED,,,true,,target_groups=['37'],"true_groups=(16, 37) 기존/다른 ADD후보와 비중복, 대상 그룹(37) scarcity 완화 — Phase2 coverage gain 재확인",high
104-12-1,P-CHLOROPHENYL ISOCYANATE,phase2_add,ADD(PHASE2),ADD_HOLD,,,true,,target_groups=['37'],"같은 ADD 후보 102-36-3와 true_groups=(16, 37) 동일 — 둘 중 하나만 필요, 사람 선택 필요",high
39300-88-4,TARA GUM,phase2_add,ADD(PHASE2),ADD_CONFIRMED,,,true,,target_groups=['48'],"true_groups=(48,) 기존/다른 ADD후보와 비중복, 대상 그룹(48) scarcity 완화 — Phase2 coverage gain 재확인",high
67774-32-7,POLYBROMINATED BIPHENYL,phase2_add,ADD(PHASE2),ADD_CONFIRMED,,,true,,target_groups=['48'],"true_groups=(16, 48) 기존/다른 ADD후보와 비중복, 대상 그룹(48) scarcity 완화 — Phase2 coverage gain 재확인",high
127-69-5,SULFISOXAZOLE,phase2_add,ADD(PHASE2),ADD_CONFIRMED,,,true,,target_groups=['52'],"true_groups=(14, 52, 66) 기존/다른 ADD후보와 비중복, 대상 그룹(52) scarcity 완화 — Phase2 coverage gain 재확인",high
121-54-0,BENZETHONIUM CHLORIDE,phase2_add,ADD(PHASE2),ADD_CONFIRMED,,,true,,target_groups=['57'],"true_groups=(28, 35, 47, 57) 기존/다른 ADD후보와 비중복, 대상 그룹(57) scarcity 완화 — Phase2 coverage gain 재확인",high
124-64-1,TETRAKIS(HYDROXYMETHYL)PHOSPHONIUM CHLORIDE,phase2_add,ADD(PHASE2),ADD_CONFIRMED,,,true,,target_groups=['57'],"true_groups=(5, 47, 57) 기존/다른 ADD후보와 비중복, 대상 그룹(57) scarcity 완화 — Phase2 coverage gain 재확인",high
