cas,chemical_name,wave,original_selection_status,selection_source,true_cameo_groups,sole_group_of,section10_categories,section10_has_real_evidence,signature_peer_count,signature_rank,unique_risk_pair_types,safety_flag,in_eval_testset_FYI_NOT_USED_IN_DECISION,recommendation,reason
103-75-3,ETHOXYDIHYDROPYRAN,wave1,UNSUPPORTED,wave1_topup,1;28;34,,no_data,False,0,unique_signature_no_duplicate,0,NOT_CHECKED,True,REVIEW,"true_groups 조합 (1, 28, 34)은 유일하나 §10 실질근거 없음(자료없음뿐) — group은 scarce 아님, 자동판정 보류"
100-21-0,TEREPHTHALIC ACID,wave1,UNSUPPORTED,wave1_topup,2;35,,combustible_reducing;water,True,0,unique_signature_no_duplicate,0,NOT_CHECKED,True,KEEP_EMPIRICAL,"true_groups 조합 (2, 35)이 dataset 내 유일(중복 없음) + 자기 §10 실질근거(['combustible_reducing', 'water'])"
104-01-8,4-METHOXYPHENYLACETIC ACID,wave1,UNSUPPORTED,wave1_topup,2;28,,combustible_reducing;water,True,0,unique_signature_no_duplicate,0,NOT_CHECKED,True,KEEP_EMPIRICAL,"true_groups 조합 (2, 28)이 dataset 내 유일(중복 없음) + 자기 §10 실질근거(['combustible_reducing', 'water'])"
107-94-8,3-CHLOROPROPIONIC ACID,wave1,UNSUPPORTED,wave1_topup,2;31,,combustible_reducing;water,True,0,unique_signature_no_duplicate,0,NOT_CHECKED,True,KEEP_EMPIRICAL,"true_groups 조합 (2, 31)이 dataset 내 유일(중복 없음) + 자기 §10 실질근거(['combustible_reducing', 'water'])"
107-97-1,SARCOSINE,wave1,UNSUPPORTED,wave1_topup,2;12,,combustible_reducing;water,True,0,unique_signature_no_duplicate,0,NOT_CHECKED,True,KEEP_EMPIRICAL,"true_groups 조합 (2, 12)이 dataset 내 유일(중복 없음) + 자기 §10 실질근거(['combustible_reducing', 'water'])"
109-52-4,PENTANOIC ACID,wave1,UNSUPPORTED,wave1_topup,2,,combustible_reducing;metal;water,True,0,unique_signature_no_duplicate,0,NOT_CHECKED,True,KEEP_EMPIRICAL,"true_groups 조합 (2,)이 dataset 내 유일(중복 없음) + 자기 §10 실질근거(['combustible_reducing', 'metal', 'water'])"
10025-91-9,ANTIMONY TRICHLORIDE,wave1,UNSUPPORTED,wave1_topup,3;32;50,,metal;water,True,3,rank_3_of_4,0,NOT_CHECKED,True,MERGE_CANDIDATE,"동일 true_groups=(3, 32, 50) 물질 4종 중 3순위 — 자기 §10 근거는 있으나 상위 대표물질과 중복, 통합 검토 대상"
10026-06-9,"STANNIC CHLORIDE, PENTAHYDRATE",wave1,UNSUPPORTED,wave1_topup,3,,combustible_reducing;metal;water,True,1,rank_1_of_2,0,NOT_CHECKED,True,KEEP_EMPIRICAL,"동일 true_groups=(3,) 물질 2종 중 §10 근거 최상위(자기 근거 ['combustible_reducing', 'metal', 'water'])"
10026-11-6,ZIRCONIUM TETRACHLORIDE,wave1,UNSUPPORTED,wave1_topup,3,,combustible_reducing;metal;water,True,1,rank_2_of_2,0,NOT_CHECKED,True,MERGE_CANDIDATE,"동일 true_groups=(3,) 물질 2종 중 2순위 — 자기 §10 근거는 있으나 상위 대표물질과 중복, 통합 검토 대상"
10026-13-8,PHOSPHORUS PENTACHLORIDE,wave1,UNSUPPORTED,wave1_topup,3;32;50,,combustible_reducing;metal;water,True,3,rank_1_of_4,0,NOT_CHECKED,True,KEEP_EMPIRICAL,"동일 true_groups=(3, 32, 50) 물질 4종 중 §10 근거 최상위(자기 근거 ['combustible_reducing', 'metal', 'water'])"
1271-19-8,TITANOCENE DICHLORIDE,wave1,UNSUPPORTED,wave1_topup,3;35;49,,no_data,False,0,unique_signature_no_duplicate,0,NOT_CHECKED,True,REVIEW,"true_groups 조합 (3, 35, 49)은 유일하나 §10 실질근거 없음(자료없음뿐) — group은 scarce 아님, 자동판정 보류"
42615-29-2,PHENYLSULPHONIC ACID,wave1,REVIEW,wave1_topup,4,,combustible_reducing;water,True,5,rank_4_of_6,0,NOT_CHECKED,True,MERGE_CANDIDATE,"동일 true_groups=(4,) 물질 6종 중 4순위 — 자기 §10 근거는 있으나 상위 대표물질과 중복, 통합 검토 대상"
104-15-4,"TOLUENE SULFONIC ACID, LIQUID, WITH MORE THAN 5% FREE SULFURIC ACID",wave1,UNSUPPORTED,wave1_topup,4,,metal,True,5,rank_5_of_6,0,NOT_CHECKED,True,MERGE_CANDIDATE,"동일 true_groups=(4,) 물질 6종 중 5순위 — 자기 §10 근거는 있으나 상위 대표물질과 중복, 통합 검토 대상"
1120-71-4,PROPANE SULTONE,wave1,UNSUPPORTED,wave1_topup,4;66,,combustible_reducing;metal;water,True,0,unique_signature_no_duplicate,0,NOT_CHECKED,True,KEEP_EMPIRICAL,"true_groups 조합 (4, 66)이 dataset 내 유일(중복 없음) + 자기 §10 실질근거(['combustible_reducing', 'metal', 'water'])"
1333-39-7,"PHENOLSULFONIC ACID, LIQUID",wave1,UNSUPPORTED,wave1_topup,4,,combustible_reducing;water,True,5,rank_3_of_6,0,NOT_CHECKED,True,MERGE_CANDIDATE,"동일 true_groups=(4,) 물질 6종 중 3순위 — 자기 §10 근거는 있으나 상위 대표물질과 중복, 통합 검토 대상"
27176-87-0,DODECYLBENZENESULFONIC ACID,wave1,UNSUPPORTED,wave1_topup,4,,metal,True,5,rank_6_of_6,0,NOT_CHECKED,True,MERGE_CANDIDATE,"동일 true_groups=(4,) 물질 6종 중 6순위 — 자기 §10 근거는 있으나 상위 대표물질과 중복, 통합 검토 대상"
107-35-7,L-TAURINE,wave1,REVIEW,wave1_topup,5;14,,combustible_reducing;water,True,0,unique_signature_no_duplicate,0,NOT_CHECKED,True,KEEP_EMPIRICAL,"true_groups 조합 (5, 14)이 dataset 내 유일(중복 없음) + 자기 §10 실질근거(['combustible_reducing', 'water'])"
10265-92-6,METHAMIDOPHOS,wave1,UNSUPPORTED,wave1_topup,5;27,,no_data,False,0,unique_signature_no_duplicate,0,NOT_CHECKED,True,REVIEW,"true_groups 조합 (5, 27)은 유일하나 §10 실질근거 없음(자료없음뿐) — group은 scarce 아님, 자동판정 보류"
105-16-8,"DIETHYLAMINOETHYLMETHACRYLATE, [LIQUID]",wave1,UNSUPPORTED,wave1_topup,6;14;56,,combustible_reducing;water,True,0,unique_signature_no_duplicate,0,NOT_CHECKED,True,KEEP_EMPIRICAL,"true_groups 조합 (6, 14, 56)이 dataset 내 유일(중복 없음) + 자기 §10 실질근거(['combustible_reducing', 'water'])"
100-07-2,4-METHOXYBENZOYL CHLORIDE,wave1,UNSUPPORTED,wave1_topup,7,,no_data,False,1,rank_2_of_2,0,NOT_CHECKED,True,REMOVE_CANDIDATE,"동일 true_groups=(7,) 물질 2종 중 2순위 + §10 실질근거 없음 — 제거해도 coverage 손실 없음"
103-80-0,PHENYLACETYL CHLORIDE,wave1,UNSUPPORTED,wave1_topup,7,,metal;water,True,1,rank_1_of_2,0,NOT_CHECKED,True,KEEP_EMPIRICAL,"동일 true_groups=(7,) 물질 2종 중 §10 근거 최상위(자기 근거 ['metal', 'water'])"
105-11-3,P-QUINONE DIOXIME,wave1,REVIEW,wave1_topup,8;14;34,,combustible_reducing;water,True,0,unique_signature_no_duplicate,0,NOT_CHECKED,True,KEEP_EMPIRICAL,"true_groups 조합 (8, 14, 34)이 dataset 내 유일(중복 없음) + 자기 §10 실질근거(['combustible_reducing', 'water'])"
105-59-9,METHYLDIETHANOLAMINE,wave1,REVIEW,wave1_topup,8;14,,combustible_reducing;water,True,1,rank_2_of_2,0,NOT_CHECKED,True,MERGE_CANDIDATE,"동일 true_groups=(8, 14) 물질 2종 중 2순위 — 자기 §10 근거는 있으나 상위 대표물질과 중복, 통합 검토 대상"
106-24-1,GERANIOL,wave1,REVIEW,wave1_topup,8;34,,combustible_reducing;water,True,0,unique_signature_no_duplicate,0,NOT_CHECKED,True,KEEP_EMPIRICAL,"true_groups 조합 (8, 34)이 dataset 내 유일(중복 없음) + 자기 §10 실질근거(['combustible_reducing', 'water'])"
100-51-6,BENZYL ALCOHOL,wave1,UNSUPPORTED,wave1_topup,8,,combustible_reducing;water,True,1,rank_1_of_2,0,NOT_CHECKED,True,KEEP_EMPIRICAL,"동일 true_groups=(8,) 물질 2종 중 §10 근거 최상위(자기 근거 ['combustible_reducing', 'water'])"
10016-20-3,ALPHA-CYCLODEXTRIN,wave1,UNSUPPORTED,wave1_topup,8,,combustible_reducing;water,True,1,rank_2_of_2,0,NOT_CHECKED,True,MERGE_CANDIDATE,"동일 true_groups=(8,) 물질 2종 중 2순위 — 자기 §10 근거는 있으나 상위 대표물질과 중복, 통합 검토 대상"
102-71-6,TRIETHANOLAMINE,wave1,UNSUPPORTED,wave1_topup,8;14,,combustible_reducing;water,True,1,rank_1_of_2,0,NOT_CHECKED,True,KEEP_EMPIRICAL,"동일 true_groups=(8, 14) 물질 2종 중 §10 근거 최상위(자기 근거 ['combustible_reducing', 'water'])"
100-73-2,"ACROLEIN DIMER, STABILIZED",wave1,UNSUPPORTED,wave1_topup,9;28;34;56,,no_data,False,0,unique_signature_no_duplicate,0,NOT_CHECKED,True,REVIEW,"true_groups 조합 (9, 28, 34, 56)은 유일하나 §10 실질근거 없음(자료없음뿐) — group은 scarce 아님, 자동판정 보류"
101-39-3,ALPHA-METHYLCINNAMALDEHYDE,wave1,UNSUPPORTED,wave1_topup,9;34;35,,no_data,False,0,unique_signature_no_duplicate,0,NOT_CHECKED,True,REVIEW,"true_groups 조합 (9, 34, 35)은 유일하나 §10 실질근거 없음(자료없음뿐) — group은 scarce 아님, 자동판정 보류"
101-20-2,TRICLOCARBAN,wave1,UNSUPPORTED,wave1_topup,12;13;16,,no_data,False,0,unique_signature_no_duplicate,0,NOT_CHECKED,True,REVIEW,"true_groups 조합 (12, 13, 16)은 유일하나 §10 실질근거 없음(자료없음뿐) — group은 scarce 아님, 자동판정 보류"
100-01-6,"P-NITROANILINE, [SOLID]",wave1,UNSUPPORTED,wave1_topup,13;46,,metal,True,1,rank_1_of_2,0,NOT_CHECKED,True,KEEP_EMPIRICAL,"동일 true_groups=(13, 46) 물질 2종 중 §10 근거 최상위(자기 근거 ['metal'])"
100-15-2,N-METHYL-4-NITROANILINE,wave1,UNSUPPORTED,wave1_topup,13;46,,metal,True,1,rank_2_of_2,0,NOT_CHECKED,True,MERGE_CANDIDATE,"동일 true_groups=(13, 46) 물질 2종 중 2순위 — 자기 §10 근거는 있으나 상위 대표물질과 중복, 통합 검토 대상"
100-22-1,"N,N,N&#39;,N&#39;-TETRAMETHYL-P-PHENYLENEDIAMINE",wave1,UNSUPPORTED,wave1_topup,14,,combustible_reducing;metal;water,True,0,unique_signature_no_duplicate,0,NOT_CHECKED,True,KEEP_EMPIRICAL,"true_groups 조합 (14,)이 dataset 내 유일(중복 없음) + 자기 §10 실질근거(['combustible_reducing', 'metal', 'water'])"
106-31-0,BUTYRIC ANHYDRIDE,wave1,UNSUPPORTED,wave1_topup,15,,metal;water,True,1,rank_2_of_2,0,NOT_CHECKED,True,MERGE_CANDIDATE,"동일 true_groups=(15,) 물질 2종 중 2순위 — 자기 §10 근거는 있으나 상위 대표물질과 중복, 통합 검토 대상"
100-00-5,P-NITROCHLOROBENZENE,wave1,UNSUPPORTED,wave1_topup,16;46,,no_data,False,0,unique_signature_no_duplicate,0,NOT_CHECKED,True,REVIEW,"true_groups 조합 (16, 46)은 유일하나 §10 실질근거 없음(자료없음뿐) — group은 scarce 아님, 자동판정 보류"
101-05-3,ANILAZINE,wave1,UNSUPPORTED,wave1_topup,14;16,,no_data,False,0,unique_signature_no_duplicate,0,NOT_CHECKED,True,REVIEW,"true_groups 조합 (14, 16)은 유일하나 §10 실질근거 없음(자료없음뿐) — group은 scarce 아님, 자동판정 보류"
100-16-3,"4-NITROPHENYLHYDRAZINE, [WETTED WITH NOT LESS THAN 30% WATER BY MASS]",wave1,UNSUPPORTED,wave1_topup,17;46;68,,,False,2,rank_1_of_3,0,NOT_CHECKED,True,REVIEW,"동일 true_groups=(17, 46, 68) 물질 3종 전부 §10 실질근거 없음 — 그중 1순위지만 근거 자체가 빈약"
12136-45-7,POTASSIUM MONOXIDE,wave1,REVIEW,wave1_topup,18,,combustible_reducing;metal;water,True,0,unique_signature_no_duplicate,0,NOT_CHECKED,True,KEEP_EMPIRICAL,"true_groups 조합 (18,)이 dataset 내 유일(중복 없음) + 자기 §10 실질근거(['combustible_reducing', 'metal', 'water'])"
100-57-2,PHENYLMERCURIC HYDROXIDE,wave1,UNSUPPORTED,wave1_topup,18;49,,no_data,False,0,unique_signature_no_duplicate,0,NOT_CHECKED,True,REVIEW,"true_groups 조합 (18, 49)은 유일하나 §10 실질근거 없음(자료없음뿐) — group은 scarce 아님, 자동판정 보류"
11138-49-1,"SODIUM ALUMINATE, SOLUTION",wave1,UNSUPPORTED,wave1_topup,18;68,,combustible_reducing;water,True,4,rank_4_of_5,0,NOT_CHECKED,True,MERGE_CANDIDATE,"동일 true_groups=(18, 68) 물질 5종 중 4순위 — 자기 §10 근거는 있으나 상위 대표물질과 중복, 통합 검토 대상"
12030-88-5,POTASSIUM SUPEROXIDE,wave1,UNSUPPORTED,wave1_topup,18;50,,combustible_reducing;water,True,4,rank_2_of_5,0,NOT_CHECKED,True,MERGE_CANDIDATE,"동일 true_groups=(18, 50) 물질 5종 중 2순위 — 자기 §10 근거는 있으나 상위 대표물질과 중복, 통합 검토 대상"
12031-80-0,LITHIUM PEROXIDE,wave1,UNSUPPORTED,wave1_topup,18;50,,combustible_reducing;water,True,4,rank_3_of_5,0,NOT_CHECKED,True,MERGE_CANDIDATE,"동일 true_groups=(18, 50) 물질 5종 중 3순위 — 자기 §10 근거는 있으나 상위 대표물질과 중복, 통합 검토 대상"
12124-99-1,"AMMONIUM HYDROSULFIDE, SOLUTION",wave1,UNSUPPORTED,wave1_topup,18;19;63;68,,no_data,False,0,unique_signature_no_duplicate,0,NOT_CHECKED,True,REVIEW,"true_groups 조합 (18, 19, 63, 68)은 유일하나 §10 실질근거 없음(자료없음뿐) — group은 scarce 아님, 자동판정 보류"
1305-62-0,CALCIUM HYDROXIDE,wave1,UNSUPPORTED,wave1_topup,19,,combustible_reducing;water,True,0,unique_signature_no_duplicate,0,NOT_CHECKED,True,KEEP_EMPIRICAL,"true_groups 조합 (19,)이 dataset 내 유일(중복 없음) + 자기 §10 실질근거(['combustible_reducing', 'water'])"
1310-61-8,POTASSIUM HYDROSULFIDE,wave1,UNSUPPORTED,wave1_topup,19;63,,water,True,0,unique_signature_no_duplicate,0,NOT_CHECKED,True,KEEP_EMPIRICAL,"true_groups 조합 (19, 63)이 dataset 내 유일(중복 없음) + 자기 §10 실질근거(['water'])"
1313-82-2,"SODIUM SULFIDE, ANHYDROUS",wave1,UNSUPPORTED,wave1_topup,19;63;68,,water,True,1,rank_2_of_2,0,NOT_CHECKED,True,MERGE_CANDIDATE,"동일 true_groups=(19, 63, 68) 물질 2종 중 2순위 — 자기 §10 근거는 있으나 상위 대표물질과 중복, 통합 검토 대상"
143-33-9,SODIUM CYANIDE,wave1,UNSUPPORTED,wave1_topup,19;24;68,,metal;water,True,1,rank_1_of_2,0,NOT_CHECKED,True,KEEP_EMPIRICAL,"동일 true_groups=(19, 24, 68) 물질 2종 중 §10 근거 최상위(자기 근거 ['metal', 'water'])"
506-87-6,AMMONIUM CARBONATE,wave1,REVIEW,wave1_topup,21;60,,combustible_reducing;water,True,0,unique_signature_no_duplicate,0,NOT_CHECKED,True,KEEP_EMPIRICAL,"true_groups 조합 (21, 60)이 dataset 내 유일(중복 없음) + 자기 §10 실질근거(['combustible_reducing', 'water'])"
1066-33-7,AMMONIUM BICARBONATE,wave1,UNSUPPORTED,wave1_topup,21;61,,combustible_reducing;water,True,0,unique_signature_no_duplicate,0,NOT_CHECKED,True,KEEP_EMPIRICAL,"true_groups 조합 (21, 61)이 dataset 내 유일(중복 없음) + 자기 §10 실질근거(['combustible_reducing', 'water'])"
1317-65-3,LIMESTONE,wave1,UNSUPPORTED,wave1_topup,21,,combustible_reducing;water,True,3,rank_1_of_4,0,NOT_CHECKED,True,KEEP_EMPIRICAL,"동일 true_groups=(21,) 물질 4종 중 §10 근거 최상위(자기 근거 ['combustible_reducing', 'water'])"
144-55-8,SODIUM BICARBONATE,wave1,UNSUPPORTED,wave1_topup,21,,combustible_reducing;water,True,3,rank_2_of_4,0,NOT_CHECKED,True,MERGE_CANDIDATE,"동일 true_groups=(21,) 물질 4종 중 2순위 — 자기 §10 근거는 있으나 상위 대표물질과 중복, 통합 검토 대상"
15630-89-4,SODIUM PERCARBONATE,wave1,UNSUPPORTED,wave1_topup,21;50;61,,combustible_reducing;water,True,0,unique_signature_no_duplicate,0,NOT_CHECKED,True,KEEP_EMPIRICAL,"true_groups 조합 (21, 50, 61)이 dataset 내 유일(중복 없음) + 자기 §10 실질근거(['combustible_reducing', 'water'])"
3486-35-9,ZINC CARBONATE,wave1,UNSUPPORTED,wave1_topup,21,,no_data,False,3,rank_4_of_4,0,NOT_CHECKED,True,REMOVE_CANDIDATE,"동일 true_groups=(21,) 물질 4종 중 4순위 + §10 실질근거 없음 — 제거해도 coverage 손실 없음"
471-34-1,CALCIUM CARBONATE,wave1,UNSUPPORTED,wave1_topup,21,,combustible_reducing;water,True,3,rank_3_of_4,0,NOT_CHECKED,True,MERGE_CANDIDATE,"동일 true_groups=(21,) 물질 4종 중 3순위 — 자기 §10 근거는 있으나 상위 대표물질과 중복, 통합 검토 대상"
1335-31-5,MERCURIC OXYCYANIDE,wave1,UNSUPPORTED,wave1_topup,24,,no_data,False,0,unique_signature_no_duplicate,0,NOT_CHECKED,True,REVIEW,"true_groups 조합 (24,)은 유일하나 §10 실질근거 없음(자료없음뿐) — group은 scarce 아님, 자동판정 보류"
101-90-6,DIGLYCIDYL RESORCINOL ETHER,wave1,UNSUPPORTED,wave1_topup,26;28;35,,combustible_reducing;water,True,0,unique_signature_no_duplicate,0,NOT_CHECKED,True,KEEP_EMPIRICAL,"true_groups 조합 (26, 28, 35)이 dataset 내 유일(중복 없음) + 자기 §10 실질근거(['combustible_reducing', 'water'])"
105-79-3,ISOBUTYL CAPROATE,wave1,REVIEW,wave1_topup,27,,combustible_reducing;water,True,4,rank_2_of_5,0,NOT_CHECKED,True,MERGE_CANDIDATE,"동일 true_groups=(27,) 물질 5종 중 2순위 — 자기 §10 근거는 있으나 상위 대표물질과 중복, 통합 검토 대상"
10031-87-5,2-ETHYLBUTYL ACETATE,wave1,UNSUPPORTED,wave1_topup,27,,no_data,False,4,rank_3_of_5,0,NOT_CHECKED,True,REMOVE_CANDIDATE,"동일 true_groups=(27,) 물질 5종 중 3순위 + §10 실질근거 없음 — 제거해도 coverage 손실 없음"
102-16-9,BENZYL PHENYLACETATE,wave1,UNSUPPORTED,wave1_topup,27,,no_data,False,4,rank_4_of_5,0,NOT_CHECKED,True,REMOVE_CANDIDATE,"동일 true_groups=(27,) 물질 5종 중 4순위 + §10 실질근거 없음 — 제거해도 coverage 손실 없음"
103-09-3,ETHYLHEXYL ACETATE,wave1,UNSUPPORTED,wave1_topup,27,,no_data,False,4,rank_5_of_5,0,NOT_CHECKED,True,REMOVE_CANDIDATE,"동일 true_groups=(27,) 물질 5종 중 5순위 + §10 실질근거 없음 — 제거해도 coverage 손실 없음"
103-23-1,BIS(2-ETHYLHEXYL) ADIPATE,wave1,UNSUPPORTED,wave1_topup,27,,combustible_reducing;water,True,4,rank_1_of_5,0,NOT_CHECKED,True,KEEP_EMPIRICAL,"동일 true_groups=(27,) 물질 5종 중 §10 근거 최상위(자기 근거 ['combustible_reducing', 'water'])"
1031-07-8,ENDOSULFAN SULFATE,wave1,UNSUPPORTED,wave1_topup,27;31;34,,no_data,False,0,unique_signature_no_duplicate,0,NOT_CHECKED,True,REVIEW,"true_groups 조합 (27, 31, 34)은 유일하나 §10 실질근거 없음(자료없음뿐) — group은 scarce 아님, 자동판정 보류"
1031-47-6,TRIAMIPHOS,wave1,UNSUPPORTED,wave1_topup,14;17;27,,no_data,False,0,unique_signature_no_duplicate,0,NOT_CHECKED,True,REVIEW,"true_groups 조합 (14, 17, 27)은 유일하나 §10 실질근거 없음(자료없음뿐) — group은 scarce 아님, 자동판정 보류"
104-46-1,ANETHOLE,wave1,REVIEW,wave1_topup,28;34,,no_data,False,0,unique_signature_no_duplicate,0,NOT_CHECKED,True,REVIEW,"true_groups 조합 (28, 34)은 유일하나 §10 실질근거 없음(자료없음뿐) — group은 scarce 아님, 자동판정 보류"
108-60-1,BIS(2-CHLORO-1-METHYLETHYL)ETHER,wave1,REVIEW,wave1_topup,28;31,,metal,True,0,unique_signature_no_duplicate,0,NOT_CHECKED,True,KEEP_EMPIRICAL,"true_groups 조합 (28, 31)이 dataset 내 유일(중복 없음) + 자기 §10 실질근거(['metal'])"
109-53-5,VINYL ISOBUTYL ETHER,wave1,REVIEW,wave1_topup,28;34;56,,no_data,False,0,unique_signature_no_duplicate,0,NOT_CHECKED,True,REVIEW,"true_groups 조합 (28, 34, 56)은 유일하나 §10 실질근거 없음(자료없음뿐) — group은 scarce 아님, 자동판정 보류"
109-59-1,ETHYLENE GLYCOL ISOPROPYL ETHER,wave1,REVIEW,wave1_topup,8;28,,no_data,False,0,unique_signature_no_duplicate,0,NOT_CHECKED,True,REVIEW,"true_groups 조합 (8, 28)은 유일하나 §10 실질근거 없음(자료없음뿐) — group은 scarce 아님, 자동판정 보류"
101-80-4,"4,4&#39;-DIAMINODIPHENYL ETHER",wave1,UNSUPPORTED,wave1_topup,13;28,,no_data,False,0,unique_signature_no_duplicate,0,NOT_CHECKED,True,REVIEW,"true_groups 조합 (13, 28)은 유일하나 §10 실질근거 없음(자료없음뿐) — group은 scarce 아님, 자동판정 보류"
103-50-4,DIBENZYL ETHER,wave1,UNSUPPORTED,wave1_topup,28,,no_data,False,1,rank_1_of_2,0,NOT_CHECKED,True,REVIEW,"동일 true_groups=(28,) 물질 2종 전부 §10 실질근거 없음 — 그중 1순위지만 근거 자체가 빈약"
12125-01-8,AMMONIUM FLUORIDE,wave1,UNSUPPORTED,wave1_topup,29;60,,combustible_reducing;metal;water,True,0,unique_signature_no_duplicate,0,NOT_CHECKED,True,KEEP_EMPIRICAL,"true_groups 조합 (29, 60)이 dataset 내 유일(중복 없음) + 자기 §10 실질근거(['combustible_reducing', 'metal', 'water'])"
1333-83-1,"SODIUM BIFLUORIDE, SOLID",wave1,UNSUPPORTED,wave1_topup,29;60;68,,combustible_reducing;metal;water,True,2,rank_1_of_3,0,NOT_CHECKED,True,KEEP_EMPIRICAL,"동일 true_groups=(29, 60, 68) 물질 3종 중 §10 근거 최상위(자기 근거 ['combustible_reducing', 'metal', 'water'])"
107-04-0,1-CHLORO-2-BROMOETHANE,wave1,REVIEW,wave1_topup,31,,metal,True,1,rank_1_of_2,0,NOT_CHECKED,True,KEEP_EMPIRICAL,"동일 true_groups=(31,) 물질 2종 중 §10 근거 최상위(자기 근거 ['metal'])"
107-81-3,2-BROMOPENTANE,wave1,REVIEW,wave1_topup,31,,,False,1,rank_2_of_2,0,NOT_CHECKED,True,REMOVE_CANDIDATE,"동일 true_groups=(31,) 물질 2종 중 2순위 + §10 실질근거 없음 — 제거해도 coverage 손실 없음"
100-14-1,"BENZENE, 1-(CHLOROMETHYL)-4-NITRO-",wave1,UNSUPPORTED,wave1_topup,31;46,,no_data,False,0,unique_signature_no_duplicate,0,NOT_CHECKED,True,REVIEW,"true_groups 조합 (31, 46)은 유일하나 §10 실질근거 없음(자료없음뿐) — group은 scarce 아님, 자동판정 보류"
10222-01-2,"2,2-DIBROMO-3-NITRILOPROPIONAMIDE",wave1,UNSUPPORTED,wave1_topup,12;31;45,,no_data,False,0,unique_signature_no_duplicate,0,NOT_CHECKED,True,REVIEW,"true_groups 조합 (12, 31, 45)은 유일하나 §10 실질근거 없음(자료없음뿐) — group은 scarce 아님, 자동판정 보류"
1024-57-3,HEPTACHLOR EPOXIDE,wave1,UNSUPPORTED,wave1_topup,26;31;34,,no_data,False,0,unique_signature_no_duplicate,0,NOT_CHECKED,True,REVIEW,"true_groups 조합 (26, 31, 34)은 유일하나 §10 실질근거 없음(자료없음뿐) — group은 scarce 아님, 자동판정 보류"
10311-84-9,DIALIFOR,wave1,UNSUPPORTED,wave1_topup,12;27;31,,no_data,False,0,unique_signature_no_duplicate,0,NOT_CHECKED,True,REVIEW,"true_groups 조합 (12, 27, 31)은 유일하나 §10 실질근거 없음(자료없음뿐) — group은 scarce 아님, 자동판정 보류"
105-48-6,ISOPROPYL CHLOROACETATE,wave1,UNSUPPORTED,wave1_topup,27;31,,metal;water,True,0,unique_signature_no_duplicate,0,NOT_CHECKED,True,KEEP_EMPIRICAL,"true_groups 조합 (27, 31)이 dataset 내 유일(중복 없음) + 자기 §10 실질근거(['metal', 'water'])"
10241-05-1,MOLYBDENUM PENTACHLORIDE,wave1,UNSUPPORTED,wave1_topup,32,,metal;water,True,0,unique_signature_no_duplicate,0,NOT_CHECKED,True,KEEP_EMPIRICAL,"true_groups 조합 (32,)이 dataset 내 유일(중복 없음) + 자기 §10 실질근거(['metal', 'water'])"
118-52-5,"1,3-DICHLORO-5,5-DIMETHYLHYDANTOIN",wave1,UNSUPPORTED,wave1_topup,7;32;50,,combustible_reducing;water,True,1,rank_1_of_2,0,NOT_CHECKED,True,KEEP_EMPIRICAL,"동일 true_groups=(7, 32, 50) 물질 2종 중 §10 근거 최상위(자기 근거 ['combustible_reducing', 'water'])"
112-95-8,N-EICOSANE,wave1,UNSUPPORTED,wave1_topup,33,,combustible_reducing;water,True,1,rank_1_of_2,0,NOT_CHECKED,True,KEEP_EMPIRICAL,"동일 true_groups=(33,) 물질 2종 중 §10 근거 최상위(자기 근거 ['combustible_reducing', 'water'])"
12002-43-6,GILSONITE,wave1,UNSUPPORTED,wave1_topup,33;35,,combustible_reducing;water,True,1,rank_1_of_2,0,NOT_CHECKED,True,KEEP_EMPIRICAL,"동일 true_groups=(33, 35) 물질 2종 중 §10 근거 최상위(자기 근거 ['combustible_reducing', 'water'])"
123-01-3,DODECYLBENZENE,wave1,UNSUPPORTED,wave1_topup,33;35,,combustible_reducing;water,True,1,rank_2_of_2,0,NOT_CHECKED,True,MERGE_CANDIDATE,"동일 true_groups=(33, 35) 물질 2종 중 2순위 — 자기 §10 근거는 있으나 상위 대표물질과 중복, 통합 검토 대상"
1333-86-4,CARBON BLACK,wave1,UNSUPPORTED,wave1_topup,33;59,,no_data,False,1,rank_1_of_2,0,NOT_CHECKED,True,REVIEW,"동일 true_groups=(33, 59) 물질 2종 전부 §10 실질근거 없음 — 그중 1순위지만 근거 자체가 빈약"
1338-02-9,COPPER NAPHTHENATE,wave1,UNSUPPORTED,wave1_topup,33;61,,no_data,False,1,rank_2_of_2,0,NOT_CHECKED,True,REMOVE_CANDIDATE,"동일 true_groups=(33, 61) 물질 2종 중 2순위 + §10 실질근거 없음 — 제거해도 coverage 손실 없음"
151-21-3,"DODECYL SULFATE, [SODIUM SALT]",wave1,UNSUPPORTED,wave1_topup,33;61,,combustible_reducing;water,True,1,rank_1_of_2,0,NOT_CHECKED,True,KEEP_EMPIRICAL,"동일 true_groups=(33, 61) 물질 2종 중 §10 근거 최상위(자기 근거 ['combustible_reducing', 'water'])"
105-87-3,GERANYL ACETATE,wave1,REVIEW,wave1_topup,27;34,,no_data,False,0,unique_signature_no_duplicate,0,NOT_CHECKED,True,REVIEW,"true_groups 조합 (27, 34)은 유일하나 §10 실질근거 없음(자료없음뿐) — group은 scarce 아님, 자동판정 보류"
115-86-6,TRIPHENYL PHOSPHATE,wave1,REVIEW,wave1_topup,27;35,,,False,0,unique_signature_no_duplicate,0,NOT_CHECKED,True,REVIEW,"true_groups 조합 (27, 35)은 유일하나 §10 실질근거 없음(자료없음뿐) — group은 scarce 아님, 자동판정 보류"
102-08-9,THIOCARBANILIDE,wave1,UNSUPPORTED,wave1_topup,12;35;64,,combustible_reducing;metal;water,True,0,unique_signature_no_duplicate,0,NOT_CHECKED,True,KEEP_EMPIRICAL,"true_groups 조합 (12, 35, 64)이 dataset 내 유일(중복 없음) + 자기 §10 실질근거(['combustible_reducing', 'metal', 'water'])"
102-54-5,FERROCENE,wave1,UNSUPPORTED,wave1_topup,35;49,,no_data,False,0,unique_signature_no_duplicate,0,NOT_CHECKED,True,REVIEW,"true_groups 조합 (35, 49)은 유일하나 §10 실질근거 없음(자료없음뿐) — group은 scarce 아님, 자동판정 보류"
104-72-3,N-DECYLBENZENE,wave1,UNSUPPORTED,wave1_topup,35,,combustible_reducing;water,True,1,rank_1_of_2,0,NOT_CHECKED,True,KEEP_EMPIRICAL,"동일 true_groups=(35,) 물질 2종 중 §10 근거 최상위(자기 근거 ['combustible_reducing', 'water'])"
104-88-1,4-CHLOROBENZALDEHYDE,wave1,UNSUPPORTED,wave1_topup,9;16;35,,combustible_reducing;water,True,0,unique_signature_no_duplicate,0,NOT_CHECKED,True,KEEP_EMPIRICAL,"true_groups 조합 (9, 16, 35)이 dataset 내 유일(중복 없음) + 자기 §10 실질근거(['combustible_reducing', 'water'])"
114-49-8,SCOPOLAMINE HYDROBROMIDE,wave1,UNSUPPORTED,wave1_topup,8;26;27;35;60,,combustible_reducing;water,True,0,unique_signature_no_duplicate,0,NOT_CHECKED,True,KEEP_EMPIRICAL,"true_groups 조합 (8, 26, 27, 35, 60)이 dataset 내 유일(중복 없음) + 자기 §10 실질근거(['combustible_reducing', 'water'])"
117-39-5,QUERCETIN,wave1,REVIEW,wave1_topup,38;55,,combustible_reducing;metal;water,True,0,unique_signature_no_duplicate,0,NOT_CHECKED,True,KEEP_EMPIRICAL,"true_groups 조합 (38, 55)이 dataset 내 유일(중복 없음) + 자기 §10 실질근거(['combustible_reducing', 'metal', 'water'])"
119-53-9,BENZOIN,wave1,REVIEW,manual_addition,8;35;38,,combustible_reducing;water,True,0,unique_signature_no_duplicate,0,NOT_CHECKED,True,KEEP_EMPIRICAL,"true_groups 조합 (8, 35, 38)이 dataset 내 유일(중복 없음) + 자기 §10 실질근거(['combustible_reducing', 'water'])"
102-01-2,ACETOACETANILIDE,wave1,UNSUPPORTED,wave1_topup,12;13;38,,combustible_reducing;water,True,0,unique_signature_no_duplicate,0,NOT_CHECKED,True,KEEP_EMPIRICAL,"true_groups 조합 (12, 13, 38)이 dataset 내 유일(중복 없음) + 자기 §10 실질근거(['combustible_reducing', 'water'])"
106-51-4,BENZOQUINONE,wave1,UNSUPPORTED,wave1_topup,38,,metal,True,2,rank_1_of_3,0,NOT_CHECKED,True,KEEP_EMPIRICAL,"동일 true_groups=(38,) 물질 3종 중 §10 근거 최상위(자기 근거 ['metal'])"
107-70-0,4-METHOXY-4-METHYLPENTAN-2-ONE,wave1,UNSUPPORTED,wave1_topup,28;38,,no_data,False,0,unique_signature_no_duplicate,0,NOT_CHECKED,True,REVIEW,"true_groups 조합 (28, 38)은 유일하나 §10 실질근거 없음(자료없음뿐) — group은 scarce 아님, 자동판정 보류"
110-13-4,"2,5-HEXANEDIONE",wave1,UNSUPPORTED,wave1_topup,38,,no_data,False,2,rank_2_of_3,0,NOT_CHECKED,True,REMOVE_CANDIDATE,"동일 true_groups=(38,) 물질 3종 중 2순위 + §10 실질근거 없음 — 제거해도 coverage 손실 없음"
102-67-0,TRIPROPYLALUMINUM,wave1,UNSUPPORTED,wave1_topup,39,,,False,0,unique_signature_no_duplicate,0,NOT_CHECKED,True,REVIEW,"true_groups 조합 (39,)은 유일하나 §10 실질근거 없음(자료없음뿐) — group은 scarce 아님, 자동판정 보류"
7440-09-7,POTASSIUM,wave1,REVIEW,wave1_topup,40,,no_data,False,4,rank_4_of_5,0,NOT_CHECKED,True,REMOVE_CANDIDATE,"동일 true_groups=(40,) 물질 5종 중 4순위 + §10 실질근거 없음 — 제거해도 coverage 손실 없음"
7439-93-2,LITHIUM,wave1,UNSUPPORTED,wave1_topup,40,,water,True,4,rank_1_of_5,0,NOT_CHECKED,True,KEEP_EMPIRICAL,"동일 true_groups=(40,) 물질 5종 중 §10 근거 최상위(자기 근거 ['water'])"
7439-95-4,MAGNESIUM,wave1,REVIEW,wave1_topup,41,,water,True,18,rank_4_of_19,0,NOT_CHECKED,True,MERGE_CANDIDATE,"동일 true_groups=(41,) 물질 19종 중 4순위 — 자기 §10 근거는 있으나 상위 대표물질과 중복, 통합 검토 대상"
7440-02-0,NICKEL,wave1,REVIEW,wave1_topup,41,,water,True,18,rank_5_of_19,0,NOT_CHECKED,True,MERGE_CANDIDATE,"동일 true_groups=(41,) 물질 19종 중 5순위 — 자기 §10 근거는 있으나 상위 대표물질과 중복, 통합 검토 대상"
7440-21-3,"SILICON POWDER, AMORPHOUS",wave1,REVIEW,wave1_topup,41,,water,True,18,rank_6_of_19,0,NOT_CHECKED,True,MERGE_CANDIDATE,"동일 true_groups=(41,) 물질 19종 중 6순위 — 자기 §10 근거는 있으나 상위 대표물질과 중복, 통합 검토 대상"
7440-25-7,TANTALUM (METAL AND OXIDE DUST),wave1,REVIEW,wave1_topup,41,,water,True,18,rank_7_of_19,0,NOT_CHECKED,True,MERGE_CANDIDATE,"동일 true_groups=(41,) 물질 19종 중 7순위 — 자기 §10 근거는 있으나 상위 대표물질과 중복, 통합 검토 대상"
7429-90-5,"ALUMINUM POWDER, COATED",wave1,UNSUPPORTED,wave1_topup,41,,water,True,18,rank_2_of_19,0,NOT_CHECKED,True,MERGE_CANDIDATE,"동일 true_groups=(41,) 물질 19종 중 2순위 — 자기 §10 근거는 있으나 상위 대표물질과 중복, 통합 검토 대상"
7439-89-6,"IRON, [POWDERED]",wave1,UNSUPPORTED,wave1_topup,41,,water,True,18,rank_3_of_19,0,NOT_CHECKED,True,MERGE_CANDIDATE,"동일 true_groups=(41,) 물질 19종 중 3순위 — 자기 §10 근거는 있으나 상위 대표물질과 중복, 통합 검토 대상"
10112-91-1,MERCUROUS CHLORIDE,wave1,UNSUPPORTED,wave1_topup,42;47,,combustible_reducing;metal;water,True,4,rank_1_of_5,0,NOT_CHECKED,True,KEEP_EMPIRICAL,"동일 true_groups=(42, 47) 물질 5종 중 §10 근거 최상위(자기 근거 ['combustible_reducing', 'metal', 'water'])"
10124-48-8,MERCURY AMMONIUM CHLORIDE,wave1,UNSUPPORTED,wave1_topup,42;47,,no_data,False,4,rank_4_of_5,0,NOT_CHECKED,True,REMOVE_CANDIDATE,"동일 true_groups=(42, 47) 물질 5종 중 4순위 + §10 실질근거 없음 — 제거해도 coverage 손실 없음"
10294-26-5,SILVER SULFATE,wave1,UNSUPPORTED,wave1_topup,42;47,,no_data,False,4,rank_5_of_5,0,NOT_CHECKED,True,REMOVE_CANDIDATE,"동일 true_groups=(42, 47) 물질 5종 중 5순위 + §10 실질근거 없음 — 제거해도 coverage 손실 없음"
1191-80-6,MERCURY OLEATE,wave1,UNSUPPORTED,wave1_topup,34;42;51;61,,no_data,False,0,unique_signature_no_duplicate,0,NOT_CHECKED,True,REVIEW,"true_groups 조합 (34, 42, 51, 61)은 유일하나 §10 실질근거 없음(자료없음뿐) — group은 scarce 아님, 자동판정 보류"
1304-82-1,BISMUTH TELLURIDE,wave1,UNSUPPORTED,wave1_topup,42,,no_data,False,13,rank_10_of_14,0,NOT_CHECKED,True,REMOVE_CANDIDATE,"동일 true_groups=(42,) 물질 14종 중 10순위 + §10 실질근거 없음 — 제거해도 coverage 손실 없음"
104-85-8,P-TOLUNITRILE,wave1,UNSUPPORTED,wave1_topup,45,,no_data,False,0,unique_signature_no_duplicate,0,NOT_CHECKED,True,REVIEW,"true_groups 조합 (45,)은 유일하나 §10 실질근거 없음(자료없음뿐) — group은 scarce 아님, 자동판정 보류"
105-56-6,ETHYL CYANOACETATE,wave1,UNSUPPORTED,wave1_topup,27;45,,no_data,False,0,unique_signature_no_duplicate,0,NOT_CHECKED,True,REVIEW,"true_groups 조합 (27, 45)은 유일하나 §10 실질근거 없음(자료없음뿐) — group은 scarce 아님, 자동판정 보류"
100-02-7,4-NITROPHENOL,wave1,UNSUPPORTED,wave1_topup,46;55,,metal,True,0,unique_signature_no_duplicate,0,NOT_CHECKED,True,KEEP_EMPIRICAL,"true_groups 조합 (46, 55)이 dataset 내 유일(중복 없음) + 자기 §10 실질근거(['metal'])"
1002-89-7,AMMONIUM STEARATE,wave1,UNSUPPORTED,wave1_topup,47,,no_data,False,5,rank_3_of_6,0,NOT_CHECKED,True,REMOVE_CANDIDATE,"동일 true_groups=(47,) 물질 6종 중 3순위 + §10 실질근거 없음 — 제거해도 coverage 손실 없음"
10025-73-7,CHROMIC CHLORIDE,wave1,UNSUPPORTED,wave1_topup,47,,no_data,False,5,rank_4_of_6,0,NOT_CHECKED,True,REMOVE_CANDIDATE,"동일 true_groups=(47,) 물질 6종 중 4순위 + §10 실질근거 없음 — 제거해도 coverage 손실 없음"
10101-63-0,LEAD IODIDE,wave1,UNSUPPORTED,wave1_topup,47,,no_data,False,5,rank_5_of_6,0,NOT_CHECKED,True,REMOVE_CANDIDATE,"동일 true_groups=(47,) 물질 6종 중 5순위 + §10 실질근거 없음 — 제거해도 coverage 손실 없음"
10102-50-8,FERROUS ARSENATE,wave1,UNSUPPORTED,wave1_topup,47,,no_data,False,5,rank_6_of_6,0,NOT_CHECKED,True,REMOVE_CANDIDATE,"동일 true_groups=(47,) 물질 6종 중 6순위 + §10 실질근거 없음 — 제거해도 coverage 손실 없음"
1271-28-9,NICKELOCENE,wave1,REVIEW,wave1_topup,49,,no_data,False,1,rank_1_of_2,0,REVIEWED_H351_KEPT(01_collection/backfill_round3_manual_picks.py),True,REVIEW,"동일 true_groups=(49,) 물질 2종 전부 §10 실질근거 없음 — 그중 1순위지만 근거 자체가 빈약"
13007-92-6,CHROMIUM CARBONYL,wave1,REVIEW,manual_addition,49,,no_data,False,1,rank_2_of_2,0,NOT_CHECKED,True,REMOVE_CANDIDATE,"동일 true_groups=(49,) 물질 2종 중 2순위 + §10 실질근거 없음 — 제거해도 coverage 손실 없음"
10034-81-8,MAGNESIUM PERCHLORATE,wave1,UNSUPPORTED,wave1_topup,50,,combustible_reducing;water,True,29,rank_3_of_30,0,NOT_CHECKED,True,MERGE_CANDIDATE,"동일 true_groups=(50,) 물질 30종 중 3순위 — 자기 §10 근거는 있으나 상위 대표물질과 중복, 통합 검토 대상"
10034-82-9,SODIUM CHROMATE TETRAHYDRATE,wave1,UNSUPPORTED,wave1_topup,50;61,,no_data,False,15,rank_12_of_16,0,NOT_CHECKED,True,REMOVE_CANDIDATE,"동일 true_groups=(50, 61) 물질 16종 중 12순위 + §10 실질근거 없음 — 제거해도 coverage 손실 없음"
10101-50-5,SODIUM PERMANGANATE,wave1,UNSUPPORTED,wave1_topup,50,,combustible_reducing;water,True,29,rank_4_of_30,0,NOT_CHECKED,True,MERGE_CANDIDATE,"동일 true_groups=(50,) 물질 30종 중 4순위 — 자기 §10 근거는 있으나 상위 대표물질과 중복, 통합 검토 대상"
10118-76-0,CALCIUM PERMANGANATE,wave1,UNSUPPORTED,wave1_topup,50,,combustible_reducing;water,True,29,rank_5_of_30,0,NOT_CHECKED,True,MERGE_CANDIDATE,"동일 true_groups=(50,) 물질 30종 중 5순위 — 자기 §10 근거는 있으나 상위 대표물질과 중복, 통합 검토 대상"
132259-10-0,"AIR, COMPRESSED",wave1,REVIEW,wave1_topup,50;51,,combustible_reducing;water,True,0,unique_signature_no_duplicate,0,NOT_CHECKED,True,KEEP_EMPIRICAL,"true_groups 조합 (50, 51)이 dataset 내 유일(중복 없음) + 자기 §10 실질근거(['combustible_reducing', 'water'])"
10048-95-0,SODIUM ARSENATE HEPTAHYDRATE,wave1,UNSUPPORTED,wave1_topup,51;61,,no_data,False,10,rank_3_of_11,0,NOT_CHECKED,True,REMOVE_CANDIDATE,"동일 true_groups=(51, 61) 물질 11종 중 3순위 + §10 실질근거 없음 — 제거해도 coverage 손실 없음"
10102-49-5,FERRIC ARSENATE,wave1,UNSUPPORTED,wave1_topup,51;61,,no_data,False,10,rank_4_of_11,0,NOT_CHECKED,True,REMOVE_CANDIDATE,"동일 true_groups=(51, 61) 물질 11종 중 4순위 + §10 실질근거 없음 — 제거해도 coverage 손실 없음"
1303-28-2,ARSENIC PENTOXIDE,wave1,UNSUPPORTED,wave1_topup,5;15;51,,no_data,False,0,unique_signature_no_duplicate,0,NOT_CHECKED,True,REVIEW,"true_groups 조합 (5, 15, 51)은 유일하나 §10 실질근거 없음(자료없음뿐) — group은 scarce 아님, 자동판정 보류"
1312-03-4,"MERCURIC SUBSULFATE, [SOLID]",wave1,UNSUPPORTED,wave1_topup,42;51;61,,no_data,False,0,unique_signature_no_duplicate,0,NOT_CHECKED,True,REVIEW,"true_groups 조합 (42, 51, 61)은 유일하나 §10 실질근거 없음(자료없음뿐) — group은 scarce 아님, 자동판정 보류"
105-64-6,DIISOPROPYL PEROXYDICARBONATE,wave1,UNSUPPORTED,wave1_topup,53,,combustible_reducing;water,True,1,rank_1_of_2,0,NOT_CHECKED,True,KEEP_EMPIRICAL,"동일 true_groups=(53,) 물질 2종 중 §10 근거 최상위(자기 근거 ['combustible_reducing', 'water'])"
105-74-8,LAUROYL PEROXIDE,wave1,UNSUPPORTED,wave1_topup,53,,combustible_reducing;water,True,1,rank_2_of_2,0,NOT_CHECKED,True,MERGE_CANDIDATE,"동일 true_groups=(53,) 물질 2종 중 2순위 — 자기 §10 근거는 있으나 상위 대표물질과 중복, 통합 검토 대상"
131-52-2,SODIUM PENTACHLOROPHENATE,wave1,UNSUPPORTED,wave1_topup,16;54,,combustible_reducing;metal;water,True,0,unique_signature_no_duplicate,0,NOT_CHECKED,True,KEEP_EMPIRICAL,"true_groups 조합 (16, 54)이 dataset 내 유일(중복 없음) + 자기 §10 실질근거(['combustible_reducing', 'metal', 'water'])"
101-18-8,3-HYDROXY-N-PHENYLANILINE,wave1,UNSUPPORTED,wave1_topup,14;55,,combustible_reducing;water,True,0,unique_signature_no_duplicate,0,NOT_CHECKED,True,KEEP_EMPIRICAL,"true_groups 조합 (14, 55)이 dataset 내 유일(중복 없음) + 자기 §10 실질근거(['combustible_reducing', 'water'])"
10169-02-5,C.I. ACID RED 97,wave1,UNSUPPORTED,wave1_topup,17;55;61;66,,no_data,False,0,unique_signature_no_duplicate,0,NOT_CHECKED,True,REVIEW,"true_groups 조합 (17, 55, 61, 66)은 유일하나 §10 실질근거 없음(자료없음뿐) — group은 scarce 아님, 자동판정 보류"
105-60-2,CAPROLACTAM,wave1,UNSUPPORTED,wave1_topup,12;56,,combustible_reducing;water,True,0,unique_signature_no_duplicate,0,NOT_CHECKED,True,KEEP_EMPIRICAL,"true_groups 조합 (12, 56)이 dataset 내 유일(중복 없음) + 자기 §10 실질근거(['combustible_reducing', 'water'])"
106-87-6,1-VINYL-3-CYCLOHEXENE DIOXIDE,wave1,UNSUPPORTED,wave1_topup,26;56,,metal,True,0,unique_signature_no_duplicate,0,NOT_CHECKED,True,KEEP_EMPIRICAL,"true_groups 조합 (26, 56)이 dataset 내 유일(중복 없음) + 자기 §10 실질근거(['metal'])"
10039-54-0,HYDROXYLAMINE SULFATE,wave1,UNSUPPORTED,wave1_topup,58;60,,combustible_reducing;metal;water,True,3,rank_1_of_4,0,NOT_CHECKED,True,KEEP_EMPIRICAL,"동일 true_groups=(58, 60) 물질 4종 중 §10 근거 최상위(자기 근거 ['combustible_reducing', 'metal', 'water'])"
10026-17-2,COBALT FLUORIDE,wave1,UNSUPPORTED,wave1_topup,59;61,,combustible_reducing;metal;water,True,6,rank_1_of_7,0,NOT_CHECKED,True,KEEP_EMPIRICAL,"동일 true_groups=(59, 61) 물질 7종 중 §10 근거 최상위(자기 근거 ['combustible_reducing', 'metal', 'water'])"
101-02-0,TRIPHENYL PHOSPHITE,wave1,UNSUPPORTED,wave1_topup,59;66,,no_data,False,1,rank_2_of_2,0,NOT_CHECKED,True,REMOVE_CANDIDATE,"동일 true_groups=(59, 66) 물질 2종 중 2순위 + §10 실질근거 없음 — 제거해도 coverage 손실 없음"
10031-13-7,LEAD(II) ARSENITE,wave1,UNSUPPORTED,wave1_topup,61,,no_data,False,0,unique_signature_no_duplicate,0,NOT_CHECKED,True,REVIEW,"true_groups 조합 (61,)은 유일하나 §10 실질근거 없음(자료없음뿐) — group은 scarce 아님, 자동판정 보류"
10102-20-2,SODIUM TELLURITE,wave1,UNSUPPORTED,wave1_topup,59;61,,no_data,False,6,rank_7_of_7,0,NOT_CHECKED,True,REMOVE_CANDIDATE,"동일 true_groups=(59, 61) 물질 7종 중 7순위 + §10 실질근거 없음 — 제거해도 coverage 손실 없음"
1185-81-5,DIBUTYLTIN-BIS(LAURYL MERCAPTIDE),wave1,UNSUPPORTED,wave1_topup,49;63,,combustible_reducing;water,True,0,unique_signature_no_duplicate,0,NOT_CHECKED,True,KEEP_EMPIRICAL,"true_groups 조합 (49, 63)이 dataset 내 유일(중복 없음) + 자기 §10 실질근거(['combustible_reducing', 'water'])"
12035-72-2,NICKEL SUBSULFIDE,wave1,UNSUPPORTED,wave1_topup,63,,combustible_reducing;metal;water,True,0,unique_signature_no_duplicate,0,NOT_CHECKED,True,KEEP_EMPIRICAL,"true_groups 조합 (63,)이 dataset 내 유일(중복 없음) + 자기 §10 실질근거(['combustible_reducing', 'metal', 'water'])"
10192-30-0,"AMMONIUM BISULFITE, SOLID",wave1,UNSUPPORTED,wave1_topup,60;65;68,,combustible_reducing;metal;water,True,1,rank_1_of_2,0,NOT_CHECKED,True,KEEP_EMPIRICAL,"동일 true_groups=(60, 65, 68) 물질 2종 중 §10 근거 최상위(자기 근거 ['combustible_reducing', 'metal', 'water'])"
10196-04-0,AMMONIUM SULFITE,wave1,UNSUPPORTED,wave1_topup,60;65,,combustible_reducing;water,True,0,unique_signature_no_duplicate,0,NOT_CHECKED,True,KEEP_EMPIRICAL,"true_groups 조합 (60, 65)이 dataset 내 유일(중복 없음) + 자기 §10 실질근거(['combustible_reducing', 'water'])"
10431-47-7,POTASSIUM SELENITE,wave1,UNSUPPORTED,wave1_topup,65,,no_data,False,2,rank_3_of_3,0,NOT_CHECKED,True,REMOVE_CANDIDATE,"동일 true_groups=(65,) 물질 3종 중 3순위 + §10 실질근거 없음 — 제거해도 coverage 손실 없음"
13718-59-7,BARIUM SELENITE,wave1,UNSUPPORTED,wave1_topup,65,,combustible_reducing;metal;water,True,2,rank_1_of_3,0,NOT_CHECKED,True,KEEP_EMPIRICAL,"동일 true_groups=(65,) 물질 3종 중 §10 근거 최상위(자기 근거 ['combustible_reducing', 'metal', 'water'])"
13774-25-9,MAGNESIUM BISULFITE SOLUTION,wave1,UNSUPPORTED,wave1_topup,65;68,,combustible_reducing;metal;water,True,3,rank_1_of_4,0,NOT_CHECKED,True,KEEP_EMPIRICAL,"동일 true_groups=(65, 68) 물질 4종 중 §10 근거 최상위(자기 근거 ['combustible_reducing', 'metal', 'water'])"
1071-83-6,GLYPHOSATE,wave1,UNSUPPORTED,wave1_topup,2;14;66,,combustible_reducing;water,True,0,unique_signature_no_duplicate,0,NOT_CHECKED,True,KEEP_EMPIRICAL,"true_groups 조합 (2, 14, 66)이 dataset 내 유일(중복 없음) + 자기 §10 실질근거(['combustible_reducing', 'water'])"
111-54-6,"ETHYLENEBISDITHIOCARBAMIC ACID, SALTS AND ESTERS",wave1,UNSUPPORTED,wave1_topup,5;67,,no_data,False,0,unique_signature_no_duplicate,0,NOT_CHECKED,True,REVIEW,"true_groups 조합 (5, 67)은 유일하나 §10 실질근거 없음(자료없음뿐) — group은 scarce 아님, 자동판정 보류"
10043-01-3,"ALUMINUM SULFATE, SOLID",wave1,UNSUPPORTED,wave1_topup,60;68,,combustible_reducing;water,True,5,rank_5_of_6,0,NOT_CHECKED,True,MERGE_CANDIDATE,"동일 true_groups=(60, 68) 물질 6종 중 5순위 — 자기 §10 근거는 있으나 상위 대표물질과 중복, 통합 검토 대상"
7440-17-7,RUBIDIUM,wave2,REVIEW,wave2_expansion,40,,water,True,4,rank_2_of_5,0,NOT_CHECKED,False,MERGE_CANDIDATE,"동일 true_groups=(40,) 물질 5종 중 2순위 — 자기 §10 근거는 있으나 상위 대표물질과 중복, 통합 검토 대상"
7440-23-5,SODIUM,wave2,DUPLICATE,wave2_expansion,40,,no_data,False,4,rank_5_of_5,0,NOT_CHECKED,False,REMOVE_CANDIDATE,"동일 true_groups=(40,) 물질 5종 중 5순위 + §10 실질근거 없음 — 제거해도 coverage 손실 없음"
7440-46-2,CESIUM,wave2,DUPLICATE,wave2_expansion,40,,water,True,4,rank_3_of_5,0,NOT_CHECKED,False,MERGE_CANDIDATE,"동일 true_groups=(40,) 물질 5종 중 3순위 — 자기 §10 근거는 있으나 상위 대표물질과 중복, 통합 검토 대상"
7440-32-6,"TITANIUM POWDER, DRY",wave2,REVIEW,wave2_expansion,41;68,,water,True,2,rank_1_of_3,0,NOT_CHECKED,False,KEEP_EMPIRICAL,"동일 true_groups=(41, 68) 물질 3종 중 §10 근거 최상위(자기 근거 ['water'])"
7440-36-0,ANTIMONY POWDER,wave2,REVIEW,wave2_expansion,41,,water,True,18,rank_8_of_19,0,NOT_CHECKED,False,MERGE_CANDIDATE,"동일 true_groups=(41,) 물질 19종 중 8순위 — 자기 §10 근거는 있으나 상위 대표물질과 중복, 통합 검토 대상"
7440-39-3,BARIUM,wave2,DUPLICATE,wave2_expansion,41,,water,True,18,rank_9_of_19,0,NOT_CHECKED,False,MERGE_CANDIDATE,"동일 true_groups=(41,) 물질 19종 중 9순위 — 자기 §10 근거는 있으나 상위 대표물질과 중복, 통합 검토 대상"
7440-43-9,CADMIUM,wave2,DUPLICATE,wave2_expansion,41,,no_data,False,18,rank_17_of_19,0,NOT_CHECKED,False,REMOVE_CANDIDATE,"동일 true_groups=(41,) 물질 19종 중 17순위 + §10 실질근거 없음 — 제거해도 coverage 손실 없음"
7440-45-1,"CERIUM, SLABS, INGOTS OR RODS",wave2,DUPLICATE,wave2_expansion,41,,water,True,18,rank_10_of_19,0,NOT_CHECKED,False,MERGE_CANDIDATE,"동일 true_groups=(41,) 물질 19종 중 10순위 — 자기 §10 근거는 있으나 상위 대표물질과 중복, 통합 검토 대상"
7440-47-3,CHROMIUM,wave2,DUPLICATE,wave2_expansion,41,,combustible_reducing;water,True,18,rank_1_of_19,0,NOT_CHECKED,False,KEEP_EMPIRICAL,"동일 true_groups=(41,) 물질 19종 중 §10 근거 최상위(자기 근거 ['combustible_reducing', 'water'])"
7440-48-4,COBALT,wave2,DUPLICATE,wave2_expansion,41,,water,True,18,rank_11_of_19,0,NOT_CHECKED,False,MERGE_CANDIDATE,"동일 true_groups=(41,) 물질 19종 중 11순위 — 자기 §10 근거는 있으나 상위 대표물질과 중복, 통합 검토 대상"
7440-58-6,"HAFNIUM POWDER, DRY",wave2,DUPLICATE,wave2_expansion,41;68,,water,True,2,rank_2_of_3,0,NOT_CHECKED,False,MERGE_CANDIDATE,"동일 true_groups=(41, 68) 물질 3종 중 2순위 — 자기 §10 근거는 있으나 상위 대표물질과 중복, 통합 검토 대상"
7440-62-2,VANADIUM (FUME OR DUST),wave2,DUPLICATE,wave2_expansion,41,,no_data,False,18,rank_18_of_19,0,NOT_CHECKED,False,REMOVE_CANDIDATE,"동일 true_groups=(41,) 물질 19종 중 18순위 + §10 실질근거 없음 — 제거해도 coverage 손실 없음"
7440-65-5,YTTRIUM,wave2,DUPLICATE,wave2_expansion,41,,water,True,18,rank_12_of_19,0,NOT_CHECKED,False,MERGE_CANDIDATE,"동일 true_groups=(41,) 물질 19종 중 12순위 — 자기 §10 근거는 있으나 상위 대표물질과 중복, 통합 검토 대상"
7440-67-7,ZIRCONIUM POWDER WET,wave2,DUPLICATE,wave2_expansion,41;68,,water,True,2,rank_3_of_3,0,NOT_CHECKED,False,MERGE_CANDIDATE,"동일 true_groups=(41, 68) 물질 3종 중 3순위 — 자기 §10 근거는 있으나 상위 대표물질과 중복, 통합 검토 대상"
7440-70-2,CALCIUM,wave2,DUPLICATE,wave2_expansion,41,,water,True,18,rank_14_of_19,0,NOT_CHECKED,False,MERGE_CANDIDATE,"동일 true_groups=(41,) 물질 19종 중 14순위 — 자기 §10 근거는 있으나 상위 대표물질과 중복, 통합 검토 대상"
7440-74-6,INDIUM,wave2,DUPLICATE,wave2_expansion,41,,water,True,18,rank_15_of_19,0,NOT_CHECKED,False,MERGE_CANDIDATE,"동일 true_groups=(41,) 물질 19종 중 15순위 — 자기 §10 근거는 있으나 상위 대표물질과 중복, 통합 검토 대상"
7782-49-2,SELENIUM POWDER,wave2,DUPLICATE,wave2_expansion,41,,no_data,False,18,rank_19_of_19,0,NOT_CHECKED,False,REMOVE_CANDIDATE,"동일 true_groups=(41,) 물질 19종 중 19순위 + §10 실질근거 없음 — 제거해도 coverage 손실 없음"
8049-17-0,FERROSILICON,wave2,DUPLICATE,wave2_expansion,41,,water,True,18,rank_16_of_19,0,NOT_CHECKED,False,MERGE_CANDIDATE,"동일 true_groups=(41,) 물질 19종 중 16순위 — 자기 §10 근거는 있으나 상위 대표물질과 중복, 통합 검토 대상"
13494-80-9,TELLURIUM,wave2,REVIEW,wave2_expansion,42,,no_data,False,13,rank_11_of_14,0,NOT_CHECKED,False,REMOVE_CANDIDATE,"동일 true_groups=(42,) 물질 14종 중 11순위 + §10 실질근거 없음 — 제거해도 coverage 손실 없음"
15385-58-7,MERCUROUS BROMIDE,wave2,REVIEW,wave2_expansion,42;47,,combustible_reducing;metal;water,True,4,rank_2_of_5,0,NOT_CHECKED,False,MERGE_CANDIDATE,"동일 true_groups=(42, 47) 물질 5종 중 2순위 — 자기 §10 근거는 있으나 상위 대표물질과 중복, 통합 검토 대상"
15829-53-5,MERCURY OXIDE,wave2,REVIEW,wave2_expansion,42;51,,no_data,False,1,rank_1_of_2,0,NOT_CHECKED,False,REVIEW,"동일 true_groups=(42, 51) 물질 2종 전부 §10 실질근거 없음 — 그중 1순위지만 근거 자체가 빈약"
21908-53-2,"MERCURIC OXIDE, [SOLID]",wave2,DUPLICATE,wave2_expansion,42;51,,no_data,False,1,rank_2_of_2,0,NOT_CHECKED,False,REMOVE_CANDIDATE,"동일 true_groups=(42, 51) 물질 2종 중 2순위 + §10 실질근거 없음 — 제거해도 coverage 손실 없음"
7439-92-1,LEAD,wave2,DUPLICATE,wave2_expansion,42,,combustible_reducing;water,True,13,rank_1_of_14,0,NOT_CHECKED,False,KEEP_EMPIRICAL,"동일 true_groups=(42,) 물질 14종 중 §10 근거 최상위(자기 근거 ['combustible_reducing', 'water'])"
7439-96-5,MANGANESE,wave2,DUPLICATE,wave2_expansion,42,,water,True,13,rank_4_of_14,0,NOT_CHECKED,False,MERGE_CANDIDATE,"동일 true_groups=(42,) 물질 14종 중 4순위 — 자기 §10 근거는 있으나 상위 대표물질과 중복, 통합 검토 대상"
7439-98-7,MOLYBDENUM,wave2,DUPLICATE,wave2_expansion,42,,water,True,13,rank_5_of_14,0,NOT_CHECKED,False,MERGE_CANDIDATE,"동일 true_groups=(42,) 물질 14종 중 5순위 — 자기 §10 근거는 있으나 상위 대표물질과 중복, 통합 검토 대상"
7440-06-4,PLATINUM,wave2,DUPLICATE,wave2_expansion,42,,water,True,13,rank_6_of_14,0,NOT_CHECKED,False,MERGE_CANDIDATE,"동일 true_groups=(42,) 물질 14종 중 6순위 — 자기 §10 근거는 있으나 상위 대표물질과 중복, 통합 검토 대상"
7440-16-6,RHODIUM (METAL FUME),wave2,DUPLICATE,wave2_expansion,42,,water,True,13,rank_7_of_14,0,NOT_CHECKED,False,MERGE_CANDIDATE,"동일 true_groups=(42,) 물질 14종 중 7순위 — 자기 §10 근거는 있으나 상위 대표물질과 중복, 통합 검토 대상"
7440-22-4,SILVER,wave2,DUPLICATE,wave2_expansion,42,,combustible_reducing;water,True,13,rank_2_of_14,0,NOT_CHECKED,False,MERGE_CANDIDATE,"동일 true_groups=(42,) 물질 14종 중 2순위 — 자기 §10 근거는 있으나 상위 대표물질과 중복, 통합 검토 대상"
7440-28-0,THALLIUM,wave2,DUPLICATE,wave2_expansion,42,,no_data,False,13,rank_12_of_14,0,NOT_CHECKED,False,REMOVE_CANDIDATE,"동일 true_groups=(42,) 물질 14종 중 12순위 + §10 실질근거 없음 — 제거해도 coverage 손실 없음"
7440-31-5,TIN,wave2,DUPLICATE,wave2_expansion,42,,combustible_reducing;water,True,13,rank_3_of_14,0,NOT_CHECKED,False,MERGE_CANDIDATE,"동일 true_groups=(42,) 물질 14종 중 3순위 — 자기 §10 근거는 있으나 상위 대표물질과 중복, 통합 검토 대상"
7440-33-7,TUNGSTEN,wave2,DUPLICATE,wave2_expansion,42,,water,True,13,rank_8_of_14,0,NOT_CHECKED,False,MERGE_CANDIDATE,"동일 true_groups=(42,) 물질 14종 중 8순위 — 자기 §10 근거는 있으나 상위 대표물질과 중복, 통합 검토 대상"
7440-38-2,ARSENIC,wave2,DUPLICATE,wave2_expansion,42,,no_data,False,13,rank_13_of_14,0,NOT_CHECKED,False,REMOVE_CANDIDATE,"동일 true_groups=(42,) 물질 14종 중 13순위 + §10 실질근거 없음 — 제거해도 coverage 손실 없음"
7440-55-3,GALLIUM,wave2,DUPLICATE,wave2_expansion,42,,no_data,False,13,rank_14_of_14,0,NOT_CHECKED,False,REMOVE_CANDIDATE,"동일 true_groups=(42,) 물질 14종 중 14순위 + §10 실질근거 없음 — 제거해도 coverage 손실 없음"
7487-94-7,MERCURIC CHLORIDE,wave2,REVIEW,wave2_expansion,42;60,,combustible_reducing;metal;water,True,3,rank_1_of_4,0,NOT_CHECKED,False,KEEP_EMPIRICAL,"동일 true_groups=(42, 60) 물질 4종 중 §10 근거 최상위(자기 근거 ['combustible_reducing', 'metal', 'water'])"
7647-10-1,PALLADIUM CHLORIDE,wave2,REVIEW,wave2_expansion,42;51;60,,combustible_reducing;water,True,0,unique_signature_no_duplicate,0,NOT_CHECKED,False,KEEP_EMPIRICAL,"true_groups 조합 (42, 51, 60)이 dataset 내 유일(중복 없음) + 자기 §10 실질근거(['combustible_reducing', 'water'])"
7774-29-0,MERCURY IODIDE,wave2,REVIEW,wave2_expansion,42;59,,no_data,False,0,unique_signature_no_duplicate,0,NOT_CHECKED,False,REVIEW,"true_groups 조합 (42, 59)은 유일하나 §10 실질근거 없음(자료없음뿐) — group은 scarce 아님, 자동판정 보류"
7783-33-7,"MERCURIC POTASSIUM IODIDE, [SOLID]",wave2,DUPLICATE,wave2_expansion,42;60,,no_data,False,3,rank_2_of_4,0,NOT_CHECKED,False,REMOVE_CANDIDATE,"동일 true_groups=(42, 60) 물질 4종 중 2순위 + §10 실질근거 없음 — 제거해도 coverage 손실 없음"
7783-35-9,MERCURIC SULFATE,wave2,DUPLICATE,wave2_expansion,42;60,,no_data,False,3,rank_3_of_4,0,NOT_CHECKED,False,REMOVE_CANDIDATE,"동일 true_groups=(42, 60) 물질 4종 중 3순위 + §10 실질근거 없음 — 제거해도 coverage 손실 없음"
7783-36-0,MERCUROUS SULFATE,wave2,DUPLICATE,wave2_expansion,42;60,,no_data,False,3,rank_4_of_4,0,NOT_CHECKED,False,REMOVE_CANDIDATE,"동일 true_groups=(42, 60) 물질 4종 중 4순위 + §10 실질근거 없음 — 제거해도 coverage 손실 없음"
7789-47-1,MERCURIC BROMIDE,wave2,DUPLICATE,wave2_expansion,42;47,,combustible_reducing;metal;water,True,4,rank_3_of_5,0,NOT_CHECKED,False,MERGE_CANDIDATE,"동일 true_groups=(42, 47) 물질 5종 중 3순위 — 자기 §10 근거는 있으나 상위 대표물질과 중복, 통합 검토 대상"
10137-74-3,CALCIUM CHLORATE,wave2,REVIEW,wave2_expansion,50;61;68,,combustible_reducing;water,True,2,rank_2_of_3,0,NOT_CHECKED,False,MERGE_CANDIDATE,"동일 true_groups=(50, 61, 68) 물질 3종 중 2순위 — 자기 §10 근거는 있으나 상위 대표물질과 중복, 통합 검토 대상"
10326-21-3,MAGNESIUM CHLORATE,wave2,REVIEW,wave2_expansion,50,,no_data,False,29,rank_22_of_30,0,NOT_CHECKED,False,REMOVE_CANDIDATE,"동일 true_groups=(50,) 물질 30종 중 22순위 + §10 실질근거 없음 — 제거해도 coverage 손실 없음"
10361-95-2,ZINC CHLORATE,wave2,DUPLICATE,wave2_expansion,50,,no_data,False,29,rank_23_of_30,0,NOT_CHECKED,False,REMOVE_CANDIDATE,"동일 true_groups=(50,) 물질 30종 중 23순위 + §10 실질근거 없음 — 제거해도 coverage 손실 없음"
11084-85-8,CHLORINATED TRISODIUM PHOSPHATE,wave2,REVIEW,wave2_expansion,50;61,,combustible_reducing;water,True,15,rank_3_of_16,0,NOT_CHECKED,False,MERGE_CANDIDATE,"동일 true_groups=(50, 61) 물질 16종 중 3순위 — 자기 §10 근거는 있으나 상위 대표물질과 중복, 통합 검토 대상"
1189-85-1,T-BUTYL CHROMATE,wave2,DUPLICATE,wave2_expansion,50,,combustible_reducing;water,True,29,rank_6_of_30,0,NOT_CHECKED,False,MERGE_CANDIDATE,"동일 true_groups=(50,) 물질 30종 중 6순위 — 자기 §10 근거는 있으나 상위 대표물질과 중복, 통합 검토 대상"
1304-29-6,BARIUM PEROXIDE,wave2,DUPLICATE,wave2_expansion,50;61,,combustible_reducing;water,True,15,rank_4_of_16,0,NOT_CHECKED,False,MERGE_CANDIDATE,"동일 true_groups=(50, 61) 물질 16종 중 4순위 — 자기 §10 근거는 있으나 상위 대표물질과 중복, 통합 검토 대상"
1305-79-9,CALCIUM PEROXIDE,wave2,DUPLICATE,wave2_expansion,50;61,,combustible_reducing;water,True,15,rank_5_of_16,0,NOT_CHECKED,False,MERGE_CANDIDATE,"동일 true_groups=(50, 61) 물질 16종 중 5순위 — 자기 §10 근거는 있으나 상위 대표물질과 중복, 통합 검토 대상"
1309-60-0,LEAD DIOXIDE,wave2,DUPLICATE,wave2_expansion,50,,combustible_reducing;water,True,29,rank_7_of_30,0,NOT_CHECKED,False,MERGE_CANDIDATE,"동일 true_groups=(50,) 물질 30종 중 7순위 — 자기 §10 근거는 있으나 상위 대표물질과 중복, 통합 검토 대상"
1313-60-6,SODIUM PEROXIDE,wave2,REVIEW,wave2_expansion,18;50,,no_data,False,4,rank_5_of_5,0,NOT_CHECKED,False,REMOVE_CANDIDATE,"동일 true_groups=(18, 50) 물질 5종 중 5순위 + §10 실질근거 없음 — 제거해도 coverage 손실 없음"
1314-18-7,STRONTIUM PEROXIDE,wave2,DUPLICATE,wave2_expansion,18;50,,combustible_reducing;water,True,4,rank_4_of_5,0,NOT_CHECKED,False,MERGE_CANDIDATE,"동일 true_groups=(18, 50) 물질 5종 중 4순위 — 자기 §10 근거는 있으나 상위 대표물질과 중복, 통합 검토 대상"
1314-22-3,ZINC PEROXIDE,wave2,DUPLICATE,wave2_expansion,50,,combustible_reducing;water,True,29,rank_8_of_30,0,NOT_CHECKED,False,MERGE_CANDIDATE,"동일 true_groups=(50,) 물질 30종 중 8순위 — 자기 §10 근거는 있으나 상위 대표물질과 중복, 통합 검토 대상"
1314-62-1,VANADIUM PENTOXIDE,wave2,REVIEW,wave2_expansion,50;60,,no_data,False,4,rank_5_of_5,0,NOT_CHECKED,False,REMOVE_CANDIDATE,"동일 true_groups=(50, 60) 물질 5종 중 5순위 + §10 실질근거 없음 — 제거해도 coverage 손실 없음"
1317-35-7,MANGANESE TETROXIDE,wave2,DUPLICATE,wave2_expansion,50;61,,combustible_reducing;water,True,15,rank_6_of_16,0,NOT_CHECKED,False,MERGE_CANDIDATE,"동일 true_groups=(50, 61) 물질 16종 중 6순위 — 자기 §10 근거는 있으나 상위 대표물질과 중복, 통합 검토 대상"
1333-82-0,"CHROMIUM TRIOXIDE, ANHYDROUS",wave2,REVIEW,wave2_expansion,15;50,,no_data,False,0,unique_signature_no_duplicate,0,NOT_CHECKED,False,REVIEW,"true_groups 조합 (15, 50)은 유일하나 §10 실질근거 없음(자료없음뿐) — group은 scarce 아님, 자동판정 보류"
13446-10-1,AMMONIUM PERMANGANATE,wave2,DUPLICATE,wave2_expansion,50;60,,combustible_reducing;water,True,4,rank_1_of_5,0,NOT_CHECKED,False,KEEP_EMPIRICAL,"동일 true_groups=(50, 60) 물질 5종 중 §10 근거 최상위(자기 근거 ['combustible_reducing', 'water'])"
13450-97-0,STRONTIUM PERCHLORATE,wave2,DUPLICATE,wave2_expansion,50,,combustible_reducing;water,True,29,rank_9_of_30,0,NOT_CHECKED,False,MERGE_CANDIDATE,"동일 true_groups=(50,) 물질 30종 중 9순위 — 자기 §10 근거는 있으나 상위 대표물질과 중복, 통합 검토 대상"
13477-10-6,"BARIUM HYPOCHLORITE, WITH MORE THAN 22% AVAILABLE CHLORINE",wave2,DUPLICATE,wave2_expansion,50;61,,combustible_reducing;water,True,15,rank_7_of_16,0,NOT_CHECKED,False,MERGE_CANDIDATE,"동일 true_groups=(50, 61) 물질 16종 중 7순위 — 자기 §10 근거는 있으나 상위 대표물질과 중복, 통합 검토 대상"
13477-36-6,CALCIUM PERCHLORATE,wave2,DUPLICATE,wave2_expansion,50,,combustible_reducing;water,True,29,rank_10_of_30,0,NOT_CHECKED,False,MERGE_CANDIDATE,"동일 true_groups=(50,) 물질 30종 중 10순위 — 자기 §10 근거는 있으나 상위 대표물질과 중복, 통합 검토 대상"
13530-65-9,ZINC CHROMATE,wave2,DUPLICATE,wave2_expansion,50;61,,no_data,False,15,rank_13_of_16,0,NOT_CHECKED,False,REMOVE_CANDIDATE,"동일 true_groups=(50, 61) 물질 16종 중 13순위 + §10 실질근거 없음 — 제거해도 coverage 손실 없음"
13637-76-8,LEAD PERCHLORATE,wave2,DUPLICATE,wave2_expansion,50,,combustible_reducing;water,True,29,rank_11_of_30,0,NOT_CHECKED,False,MERGE_CANDIDATE,"동일 true_groups=(50,) 물질 30종 중 11순위 — 자기 §10 근거는 있으나 상위 대표물질과 중복, 통합 검토 대상"
13765-19-0,CALCIUM CHROMATE,wave2,DUPLICATE,wave2_expansion,50;61,,no_data,False,15,rank_14_of_16,0,NOT_CHECKED,False,REMOVE_CANDIDATE,"동일 true_groups=(50, 61) 물질 16종 중 14순위 + §10 실질근거 없음 — 제거해도 coverage 손실 없음"
13967-90-3,BARIUM BROMATE,wave2,DUPLICATE,wave2_expansion,50,,combustible_reducing;water,True,29,rank_12_of_30,0,NOT_CHECKED,False,MERGE_CANDIDATE,"동일 true_groups=(50,) 물질 30종 중 12순위 — 자기 §10 근거는 있으나 상위 대표물질과 중복, 통합 검토 대상"
14018-95-2,ZINC DICHROMATE,wave2,DUPLICATE,wave2_expansion,50;61,,combustible_reducing;metal;water,True,15,rank_1_of_16,0,NOT_CHECKED,False,KEEP_EMPIRICAL,"동일 true_groups=(50, 61) 물질 16종 중 §10 근거 최상위(자기 근거 ['combustible_reducing', 'metal', 'water'])"
14307-35-8,LITHIUM CHROMATE,wave2,DUPLICATE,wave2_expansion,50;61,,combustible_reducing;water,True,15,rank_8_of_16,0,NOT_CHECKED,False,MERGE_CANDIDATE,"동일 true_groups=(50, 61) 물질 16종 중 8순위 — 자기 §10 근거는 있으나 상위 대표물질과 중복, 통합 검토 대상"
14452-57-4,MAGNESIUM PEROXIDE,wave2,DUPLICATE,wave2_expansion,50;61,,combustible_reducing;water,True,15,rank_9_of_16,0,NOT_CHECKED,False,MERGE_CANDIDATE,"동일 true_groups=(50, 61) 물질 16종 중 9순위 — 자기 §10 근거는 있으나 상위 대표물질과 중복, 통합 검토 대상"
14519-07-4,ZINC BROMATE,wave2,DUPLICATE,wave2_expansion,50,,no_data,False,29,rank_24_of_30,0,NOT_CHECKED,False,REMOVE_CANDIDATE,"동일 true_groups=(50,) 물질 30종 중 24순위 + §10 실질근거 없음 — 제거해도 coverage 손실 없음"
14519-17-6,MAGNESIUM BROMATE,wave2,DUPLICATE,wave2_expansion,50,,combustible_reducing;water,True,29,rank_13_of_30,0,NOT_CHECKED,False,MERGE_CANDIDATE,"동일 true_groups=(50,) 물질 30종 중 13순위 — 자기 §10 근거는 있으나 상위 대표물질과 중복, 통합 검토 대상"
146-84-9,"SILVER PICRATE, WETTED WITH NOT LESS THAN 30% WATER",wave2,REVIEW,wave2_expansion,46;50;54;68,,no_data,False,0,unique_signature_no_duplicate,0,NOT_CHECKED,False,REVIEW,"true_groups 조합 (46, 50, 54, 68)은 유일하나 §10 실질근거 없음(자료없음뿐) — group은 scarce 아님, 자동판정 보류"
14977-61-8,CHROMIUM OXYCHLORIDE,wave2,REVIEW,wave2_expansion,32;50,,combustible_reducing;metal;water,True,3,rank_1_of_4,0,NOT_CHECKED,False,KEEP_EMPIRICAL,"동일 true_groups=(32, 50) 물질 4종 중 §10 근거 최상위(자기 근거 ['combustible_reducing', 'metal', 'water'])"
15541-45-4,"BROMATES, INORGANIC, N.O.S.",wave2,DUPLICATE,wave2_expansion,50,,combustible_reducing;water,True,29,rank_14_of_30,0,NOT_CHECKED,False,MERGE_CANDIDATE,"동일 true_groups=(50,) 물질 30종 중 14순위 — 자기 §10 근거는 있으나 상위 대표물질과 중복, 통합 검토 대상"
17014-71-0,POTASSIUM PEROXIDE,wave2,DUPLICATE,wave2_expansion,18;50,,combustible_reducing;metal;water,True,4,rank_1_of_5,0,NOT_CHECKED,False,KEEP_EMPIRICAL,"동일 true_groups=(18, 50) 물질 5종 중 §10 근거 최상위(자기 근거 ['combustible_reducing', 'metal', 'water'])"
20816-12-0,OSMIUM TETROXIDE,wave2,DUPLICATE,wave2_expansion,50,,combustible_reducing;metal;water,True,29,rank_1_of_30,0,NOT_CHECKED,False,KEEP_EMPIRICAL,"동일 true_groups=(50,) 물질 30종 중 §10 근거 최상위(자기 근거 ['combustible_reducing', 'metal', 'water'])"
2244-21-5,"POTASSIUM DICHLORO-S-TRIAZINETRIONE, DRY",wave2,REVIEW,wave2_expansion,7;32;50;60,,combustible_reducing;water,True,2,rank_1_of_3,0,NOT_CHECKED,False,KEEP_EMPIRICAL,"동일 true_groups=(7, 32, 50, 60) 물질 3종 중 §10 근거 최상위(자기 근거 ['combustible_reducing', 'water'])"
23414-72-4,ZINC PERMANGANATE,wave2,DUPLICATE,wave2_expansion,50,,no_data,False,29,rank_25_of_30,0,NOT_CHECKED,False,REMOVE_CANDIDATE,"동일 true_groups=(50,) 물질 30종 중 25순위 + §10 실질근거 없음 — 제거해도 coverage 손실 없음"
2782-57-2,"DICHLOROISOCYANURIC ACID, DRY",wave2,REVIEW,wave2_expansion,7;32;50,,combustible_reducing;water,True,1,rank_2_of_2,0,NOT_CHECKED,False,MERGE_CANDIDATE,"동일 true_groups=(7, 32, 50) 물질 2종 중 2순위 — 자기 §10 근거는 있으나 상위 대표물질과 중복, 통합 검토 대상"
2893-78-9,SODIUM DICHLORO-S-TRIAZINETRIONE,wave2,DUPLICATE,wave2_expansion,7;32;50;60,,no_data,False,2,rank_2_of_3,0,NOT_CHECKED,False,REMOVE_CANDIDATE,"동일 true_groups=(7, 32, 50, 60) 물질 3종 중 2순위 + §10 실질근거 없음 — 제거해도 coverage 손실 없음"
3811-04-9,POTASSIUM CHLORATE,wave2,REVIEW,wave2_expansion,50;68,,combustible_reducing;water,True,2,rank_1_of_3,0,NOT_CHECKED,False,KEEP_EMPIRICAL,"동일 true_groups=(50, 68) 물질 3종 중 §10 근거 최상위(자기 근거 ['combustible_reducing', 'water'])"
507-40-4,TERT-BUTYL HYPOCHLORITE,wave2,DUPLICATE,wave2_expansion,50,,,False,29,rank_26_of_30,0,NOT_CHECKED,False,REMOVE_CANDIDATE,"동일 true_groups=(50,) 물질 30종 중 26순위 + §10 실질근거 없음 — 제거해도 coverage 손실 없음"
546-67-8,LEAD TETRAACETATE,wave2,DUPLICATE,wave2_expansion,50,,no_data,False,29,rank_27_of_30,0,NOT_CHECKED,False,REMOVE_CANDIDATE,"동일 true_groups=(50,) 물질 30종 중 27순위 + §10 실질근거 없음 — 제거해도 coverage 손실 없음"
7446-08-4,SELENIUM DIOXIDE,wave2,DUPLICATE,wave2_expansion,50,,combustible_reducing;metal;water,True,29,rank_2_of_30,0,NOT_CHECKED,False,MERGE_CANDIDATE,"동일 true_groups=(50,) 물질 30종 중 2순위 — 자기 §10 근거는 있으나 상위 대표물질과 중복, 통합 검토 대상"
7601-89-0,SODIUM PERCHLORATE,wave2,DUPLICATE,wave2_expansion,50,,combustible_reducing;water,True,29,rank_15_of_30,0,NOT_CHECKED,False,MERGE_CANDIDATE,"동일 true_groups=(50,) 물질 30종 중 15순위 — 자기 §10 근거는 있으나 상위 대표물질과 중복, 통합 검토 대상"
7727-21-1,POTASSIUM PERSULFATE,wave2,DUPLICATE,wave2_expansion,50,,combustible_reducing;water,True,29,rank_16_of_30,0,NOT_CHECKED,False,MERGE_CANDIDATE,"동일 true_groups=(50,) 물질 30종 중 16순위 — 자기 §10 근거는 있으나 상위 대표물질과 중복, 통합 검토 대상"
7727-54-0,AMMONIUM PERSULFATE,wave2,DUPLICATE,wave2_expansion,50;60,,combustible_reducing;water,True,4,rank_2_of_5,0,NOT_CHECKED,False,MERGE_CANDIDATE,"동일 true_groups=(50, 60) 물질 5종 중 2순위 — 자기 §10 근거는 있으나 상위 대표물질과 중복, 통합 검토 대상"
7758-01-2,POTASSIUM BROMATE,wave2,DUPLICATE,wave2_expansion,50,,combustible_reducing;water,True,29,rank_17_of_30,0,NOT_CHECKED,False,MERGE_CANDIDATE,"동일 true_groups=(50,) 물질 30종 중 17순위 — 자기 §10 근거는 있으나 상위 대표물질과 중복, 통합 검토 대상"
7758-19-2,SODIUM CHLORITE,wave2,DUPLICATE,wave2_expansion,50;61,,combustible_reducing;water,True,15,rank_10_of_16,0,NOT_CHECKED,False,MERGE_CANDIDATE,"동일 true_groups=(50, 61) 물질 16종 중 10순위 — 자기 §10 근거는 있으나 상위 대표물질과 중복, 통합 검토 대상"
7758-97-6,LEAD CHROMATE,wave2,DUPLICATE,wave2_expansion,50;61,,combustible_reducing;metal;water,True,15,rank_2_of_16,0,NOT_CHECKED,False,MERGE_CANDIDATE,"동일 true_groups=(50, 61) 물질 16종 중 2순위 — 자기 §10 근거는 있으나 상위 대표물질과 중복, 통합 검토 대상"
7775-09-9,SODIUM CHLORATE,wave2,DUPLICATE,wave2_expansion,50;68,,combustible_reducing;water,True,2,rank_2_of_3,0,NOT_CHECKED,False,MERGE_CANDIDATE,"동일 true_groups=(50, 68) 물질 3종 중 2순위 — 자기 §10 근거는 있으나 상위 대표물질과 중복, 통합 검토 대상"
7775-11-3,SODIUM CHROMATE,wave2,DUPLICATE,wave2_expansion,50;61;68,,no_data,False,2,rank_3_of_3,0,NOT_CHECKED,False,REMOVE_CANDIDATE,"동일 true_groups=(50, 61, 68) 물질 3종 중 3순위 + §10 실질근거 없음 — 제거해도 coverage 손실 없음"
7775-27-1,SODIUM PERSULFATE,wave2,DUPLICATE,wave2_expansion,50,,combustible_reducing;water,True,29,rank_18_of_30,0,NOT_CHECKED,False,MERGE_CANDIDATE,"동일 true_groups=(50,) 물질 30종 중 18순위 — 자기 §10 근거는 있으나 상위 대표물질과 중복, 통합 검토 대상"
7778-50-9,POTASSIUM BICHROMATE,wave2,DUPLICATE,wave2_expansion,50;61,,no_data,False,15,rank_15_of_16,0,NOT_CHECKED,False,REMOVE_CANDIDATE,"동일 true_groups=(50, 61) 물질 16종 중 15순위 + §10 실질근거 없음 — 제거해도 coverage 손실 없음"
7778-54-3,CALCIUM HYPOCHLORITE,wave2,REVIEW,wave2_expansion,18;50;61;68,,combustible_reducing;water,True,0,unique_signature_no_duplicate,0,NOT_CHECKED,False,KEEP_EMPIRICAL,"true_groups 조합 (18, 50, 61, 68)이 dataset 내 유일(중복 없음) + 자기 §10 실질근거(['combustible_reducing', 'water'])"
7778-66-7,POTASSIUM HYPOCHLORITE SOLUTION,wave2,DUPLICATE,wave2_expansion,50;61;68,,combustible_reducing;metal;water,True,2,rank_1_of_3,0,NOT_CHECKED,False,KEEP_EMPIRICAL,"동일 true_groups=(50, 61, 68) 물질 3종 중 §10 근거 최상위(자기 근거 ['combustible_reducing', 'metal', 'water'])"
7778-74-7,POTASSIUM PERCHLORATE,wave2,DUPLICATE,wave2_expansion,50,,no_data,False,29,rank_29_of_30,0,NOT_CHECKED,False,REMOVE_CANDIDATE,"동일 true_groups=(50,) 물질 30종 중 29순위 + §10 실질근거 없음 — 제거해도 coverage 손실 없음"
7783-00-8,SELENIOUS ACID,wave2,REVIEW,wave2_expansion,5;50,,combustible_reducing;metal;water,True,0,unique_signature_no_duplicate,0,NOT_CHECKED,False,KEEP_EMPIRICAL,"true_groups 조합 (5, 50)이 dataset 내 유일(중복 없음) + 자기 §10 실질근거(['combustible_reducing', 'metal', 'water'])"
7783-56-4,ANTIMONY TRIFLUORIDE,wave2,REVIEW,wave2_expansion,3;29;50,,no_data,False,0,unique_signature_no_duplicate,0,NOT_CHECKED,False,REVIEW,"true_groups 조합 (3, 29, 50)은 유일하나 §10 실질근거 없음(자료없음뿐) — group은 scarce 아님, 자동판정 보류"
7783-66-6,IODINE PENTAFLUORIDE,wave2,DUPLICATE,wave2_expansion,32;50,,combustible_reducing;metal;water,True,3,rank_2_of_4,0,NOT_CHECKED,False,MERGE_CANDIDATE,"동일 true_groups=(32, 50) 물질 4종 중 2순위 — 자기 §10 근거는 있으나 상위 대표물질과 중복, 통합 검토 대상"
7787-36-2,BARIUM PERMANGANATE,wave2,DUPLICATE,wave2_expansion,50,,combustible_reducing;water,True,29,rank_20_of_30,0,NOT_CHECKED,False,MERGE_CANDIDATE,"동일 true_groups=(50,) 물질 30종 중 20순위 — 자기 §10 근거는 있으나 상위 대표물질과 중복, 통합 검토 대상"
7789-00-6,POTASSIUM CHROMATE,wave2,DUPLICATE,wave2_expansion,50;61,,no_data,False,15,rank_16_of_16,0,NOT_CHECKED,False,REMOVE_CANDIDATE,"동일 true_groups=(50, 61) 물질 16종 중 16순위 + §10 실질근거 없음 — 제거해도 coverage 손실 없음"
7789-06-2,STRONTIUM CHROMATE,wave2,DUPLICATE,wave2_expansion,50;61,,combustible_reducing;water,True,15,rank_11_of_16,0,NOT_CHECKED,False,MERGE_CANDIDATE,"동일 true_groups=(50, 61) 물질 16종 중 11순위 — 자기 §10 근거는 있으나 상위 대표물질과 중복, 통합 검토 대상"
7789-09-5,AMMONIUM DICHROMATE,wave2,DUPLICATE,wave2_expansion,50;60,,combustible_reducing;water,True,4,rank_3_of_5,0,NOT_CHECKED,False,MERGE_CANDIDATE,"동일 true_groups=(50, 60) 물질 5종 중 3순위 — 자기 §10 근거는 있으나 상위 대표물질과 중복, 통합 검토 대상"
7789-38-0,SODIUM BROMATE,wave2,DUPLICATE,wave2_expansion,50,,combustible_reducing;water,True,29,rank_21_of_30,0,NOT_CHECKED,False,MERGE_CANDIDATE,"동일 true_groups=(50,) 물질 30종 중 21순위 — 자기 §10 근거는 있으나 상위 대표물질과 중복, 통합 검토 대상"
7789-61-9,ANTIMONY TRIBROMIDE,wave2,REVIEW,wave2_expansion,3;32;50,,metal;water,True,3,rank_4_of_4,0,NOT_CHECKED,False,MERGE_CANDIDATE,"동일 true_groups=(3, 32, 50) 물질 4종 중 4순위 — 자기 §10 근거는 있으나 상위 대표물질과 중복, 통합 검토 대상"
7789-69-7,PHOSPHORUS PENTABROMIDE,wave2,DUPLICATE,wave2_expansion,3;32;50,,combustible_reducing;metal;water,True,3,rank_2_of_4,0,NOT_CHECKED,False,MERGE_CANDIDATE,"동일 true_groups=(3, 32, 50) 물질 4종 중 2순위 — 자기 §10 근거는 있으나 상위 대표물질과 중복, 통합 검토 대상"
7790-98-9,AMMONIUM PERCHLORATE,wave2,DUPLICATE,wave2_expansion,50;60,,combustible_reducing;water,True,4,rank_4_of_5,0,NOT_CHECKED,False,MERGE_CANDIDATE,"동일 true_groups=(50, 60) 물질 5종 중 4순위 — 자기 §10 근거는 있으나 상위 대표물질과 중복, 통합 검토 대상"
7790-99-0,IODINE MONOCHLORIDE,wave2,DUPLICATE,wave2_expansion,32;50,,metal;water,True,3,rank_3_of_4,0,NOT_CHECKED,False,MERGE_CANDIDATE,"동일 true_groups=(32, 50) 물질 4종 중 3순위 — 자기 §10 근거는 있으나 상위 대표물질과 중복, 통합 검토 대상"
7791-10-8,STRONTIUM CHLORATE,wave2,DUPLICATE,wave2_expansion,50,,no_data,False,29,rank_30_of_30,0,NOT_CHECKED,False,REMOVE_CANDIDATE,"동일 true_groups=(50,) 물질 30종 중 30순위 + §10 실질근거 없음 — 제거해도 coverage 손실 없음"
7791-21-1,CHLORINE MONOXIDE,wave2,DUPLICATE,wave2_expansion,32;50,,combustible_reducing;water,True,3,rank_4_of_4,0,NOT_CHECKED,False,MERGE_CANDIDATE,"동일 true_groups=(32, 50) 물질 4종 중 4순위 — 자기 §10 근거는 있으나 상위 대표물질과 중복, 통합 검토 대상"
87-90-1,"TRICHLORO-S-TRIAZINETRIONE, DRY",wave2,DUPLICATE,wave2_expansion,7;32;50;60,,no_data,False,2,rank_3_of_3,0,NOT_CHECKED,False,REMOVE_CANDIDATE,"동일 true_groups=(7, 32, 50, 60) 물질 3종 중 3순위 + §10 실질근거 없음 — 제거해도 coverage 손실 없음"
13410-01-0,SODIUM SELENATE,wave2,REVIEW,wave2_expansion,51;61,,no_data,False,10,rank_5_of_11,0,NOT_CHECKED,False,REMOVE_CANDIDATE,"동일 true_groups=(51, 61) 물질 11종 중 5순위 + §10 실질근거 없음 — 제거해도 coverage 손실 없음"
13718-26-8,SODIUM VANADATE,wave2,DUPLICATE,wave2_expansion,51;61,,combustible_reducing;metal;water,True,10,rank_1_of_11,0,NOT_CHECKED,False,KEEP_EMPIRICAL,"동일 true_groups=(51, 61) 물질 11종 중 §10 근거 최상위(자기 근거 ['combustible_reducing', 'metal', 'water'])"
13769-43-2,POTASSIUM METAVANADATE,wave2,DUPLICATE,wave2_expansion,51;61,,no_data,False,10,rank_6_of_11,0,NOT_CHECKED,False,REMOVE_CANDIDATE,"동일 true_groups=(51, 61) 물질 11종 중 6순위 + §10 실질근거 없음 — 제거해도 coverage 손실 없음"
14019-91-1,CALCIUM SELENATE,wave2,DUPLICATE,wave2_expansion,51;61,,no_data,False,10,rank_7_of_11,0,NOT_CHECKED,False,REMOVE_CANDIDATE,"동일 true_groups=(51, 61) 물질 11종 중 7순위 + §10 실질근거 없음 — 제거해도 coverage 손실 없음"
15699-18-0,NICKEL AMMONIUM SULFATE,wave2,REVIEW,wave2_expansion,51;60,,combustible_reducing;water,True,2,rank_2_of_3,0,NOT_CHECKED,False,MERGE_CANDIDATE,"동일 true_groups=(51, 60) 물질 3종 중 2순위 — 자기 §10 근거는 있으나 상위 대표물질과 중복, 통합 검토 대상"
1643-20-5,DIMETHYLDODECYLAMINE-N-OXIDE,wave2,REVIEW,wave2_expansion,14;51,,no_data,False,0,unique_signature_no_duplicate,0,NOT_CHECKED,False,REVIEW,"true_groups 조합 (14, 51)은 유일하나 §10 실질근거 없음(자료없음뿐) — group은 scarce 아님, 자동판정 보류"
7631-89-2,SODIUM ARSENATE,wave2,DUPLICATE,wave2_expansion,51;61,,no_data,False,10,rank_8_of_11,0,NOT_CHECKED,False,REMOVE_CANDIDATE,"동일 true_groups=(51, 61) 물질 11종 중 8순위 + §10 실질근거 없음 — 제거해도 coverage 손실 없음"
7778-39-4,"ARSENIC ACID, LIQUID",wave2,REVIEW,wave2_expansion,5;51;68,,combustible_reducing;metal;water,True,0,unique_signature_no_duplicate,0,NOT_CHECKED,False,KEEP_EMPIRICAL,"true_groups 조합 (5, 51, 68)이 dataset 내 유일(중복 없음) + 자기 §10 실질근거(['combustible_reducing', 'metal', 'water'])"
7778-44-1,CALCIUM ARSENATE,wave2,DUPLICATE,wave2_expansion,51;61,,no_data,False,10,rank_9_of_11,0,NOT_CHECKED,False,REMOVE_CANDIDATE,"동일 true_groups=(51, 61) 물질 11종 중 9순위 + §10 실질근거 없음 — 제거해도 coverage 손실 없음"
7784-37-4,MERCURIC ARSENATE,wave2,DUPLICATE,wave2_expansion,51;61,,no_data,False,10,rank_10_of_11,0,NOT_CHECKED,False,REMOVE_CANDIDATE,"동일 true_groups=(51, 61) 물질 11종 중 10순위 + §10 실질근거 없음 — 제거해도 coverage 손실 없음"
7784-44-3,AMMONIUM ARSENATE,wave2,DUPLICATE,wave2_expansion,51;60,,no_data,False,2,rank_3_of_3,0,NOT_CHECKED,False,REMOVE_CANDIDATE,"동일 true_groups=(51, 60) 물질 3종 중 3순위 + §10 실질근거 없음 — 제거해도 coverage 손실 없음"
7787-41-9,BARIUM SELENATE,wave2,DUPLICATE,wave2_expansion,51;61,,combustible_reducing;metal;water,True,10,rank_2_of_11,0,NOT_CHECKED,False,MERGE_CANDIDATE,"동일 true_groups=(51, 61) 물질 11종 중 2순위 — 자기 §10 근거는 있으나 상위 대표물질과 중복, 통합 검토 대상"
7790-59-2,POTASSIUM SELENATE,wave2,DUPLICATE,wave2_expansion,51;61,,no_data,False,10,rank_11_of_11,0,NOT_CHECKED,False,REMOVE_CANDIDATE,"동일 true_groups=(51, 61) 물질 11종 중 11순위 + §10 실질근거 없음 — 제거해도 coverage 손실 없음"
7803-55-6,AMMONIUM METAVANADATE,wave2,DUPLICATE,wave2_expansion,51;60,,combustible_reducing;metal;water,True,2,rank_1_of_3,0,NOT_CHECKED,False,KEEP_EMPIRICAL,"동일 true_groups=(51, 60) 물질 3종 중 §10 근거 최상위(자기 근거 ['combustible_reducing', 'metal', 'water'])"
10049-05-5,CHROMOUS CHLORIDE,wave2,REVIEW,wave2_expansion,58,,combustible_reducing;water,True,2,rank_1_of_3,0,NOT_CHECKED,False,KEEP_EMPIRICAL,"동일 true_groups=(58,) 물질 3종 중 §10 근거 최상위(자기 근거 ['combustible_reducing', 'water'])"
122-66-7,"1,2-DIPHENYLHYDRAZINE",wave2,REVIEW,wave2_expansion,14;17;35;58,,combustible_reducing;metal;water,True,0,unique_signature_no_duplicate,0,NOT_CHECKED,False,KEEP_EMPIRICAL,"true_groups 조합 (14, 17, 35, 58)이 dataset 내 유일(중복 없음) + 자기 §10 실질근거(['combustible_reducing', 'metal', 'water'])"
21651-19-4,TIN(II) OXIDE,wave2,DUPLICATE,wave2_expansion,58,,combustible_reducing;water,True,2,rank_2_of_3,0,NOT_CHECKED,False,MERGE_CANDIDATE,"동일 true_groups=(58,) 물질 3종 중 2순위 — 자기 §10 근거는 있으나 상위 대표물질과 중복, 통합 검토 대상"
540-72-7,SODIUM THIOCYANATE,wave2,REVIEW,wave2_expansion,58;61;68,,combustible_reducing;water,True,0,unique_signature_no_duplicate,0,NOT_CHECKED,False,KEEP_EMPIRICAL,"true_groups 조합 (58, 61, 68)이 dataset 내 유일(중복 없음) + 자기 §10 실질근거(['combustible_reducing', 'water'])"
5470-11-1,HYDROXYLAMINE HYDROCHLORIDE,wave2,REVIEW,wave2_expansion,58;60,,combustible_reducing;metal;water,True,3,rank_2_of_4,0,NOT_CHECKED,False,MERGE_CANDIDATE,"동일 true_groups=(58, 60) 물질 4종 중 2순위 — 자기 §10 근거는 있으나 상위 대표물질과 중복, 통합 검토 대상"
592-85-8,MERCURY THIOCYANATE,wave2,REVIEW,wave2_expansion,58;61,,no_data,False,1,rank_1_of_2,0,NOT_CHECKED,False,REVIEW,"동일 true_groups=(58, 61) 물질 2종 전부 §10 실질근거 없음 — 그중 1순위지만 근거 자체가 빈약"
592-87-0,LEAD THIOCYANATE,wave2,DUPLICATE,wave2_expansion,58;61,,no_data,False,1,rank_2_of_2,0,NOT_CHECKED,False,REMOVE_CANDIDATE,"동일 true_groups=(58, 61) 물질 2종 중 2순위 + §10 실질근거 없음 — 제거해도 coverage 손실 없음"
603-35-0,TRIPHENYL PHOSPHINE,wave2,REVIEW,wave2_expansion,14;58,,combustible_reducing;water,True,0,unique_signature_no_duplicate,0,NOT_CHECKED,False,KEEP_EMPIRICAL,"true_groups 조합 (14, 58)이 dataset 내 유일(중복 없음) + 자기 §10 실질근거(['combustible_reducing', 'water'])"
6303-21-5,HYPOPHOSPHOROUS ACID,wave2,REVIEW,wave2_expansion,5;58,,combustible_reducing;metal;water,True,0,unique_signature_no_duplicate,0,NOT_CHECKED,False,KEEP_EMPIRICAL,"true_groups 조합 (5, 58)이 dataset 내 유일(중복 없음) + 자기 §10 실질근거(['combustible_reducing', 'metal', 'water'])"
7704-34-9,"SULFUR, MOLTEN",wave2,DUPLICATE,wave2_expansion,58,,no_data,False,2,rank_3_of_3,0,NOT_CHECKED,False,REMOVE_CANDIDATE,"동일 true_groups=(58,) 물질 3종 중 3순위 + §10 실질근거 없음 — 제거해도 coverage 손실 없음"
7758-94-3,"FERROUS CHLORIDE, SOLID",wave2,REVIEW,wave2_expansion,58;68,,combustible_reducing;metal;water,True,0,unique_signature_no_duplicate,0,NOT_CHECKED,False,KEEP_EMPIRICAL,"true_groups 조합 (58, 68)이 dataset 내 유일(중복 없음) + 자기 §10 실질근거(['combustible_reducing', 'metal', 'water'])"
7772-99-8,"STANNOUS CHLORIDE, SOLID",wave2,DUPLICATE,wave2_expansion,58;60,,combustible_reducing;metal;water,True,3,rank_3_of_4,0,NOT_CHECKED,False,MERGE_CANDIDATE,"동일 true_groups=(58, 60) 물질 4종 중 3순위 — 자기 §10 근거는 있으나 상위 대표물질과 중복, 통합 검토 대상"
7783-47-3,STANNOUS FLUORIDE,wave2,REVIEW,wave2_expansion,29;58;60,,no_data,False,0,unique_signature_no_duplicate,0,NOT_CHECKED,False,REVIEW,"true_groups 조합 (29, 58, 60)은 유일하나 §10 실질근거 없음(자료없음뿐) — group은 scarce 아님, 자동판정 보류"
7789-60-8,PHOSPHORUS TRIBROMIDE,wave2,REVIEW,wave2_expansion,3;58,,combustible_reducing;metal;water,True,0,unique_signature_no_duplicate,0,NOT_CHECKED,False,KEEP_EMPIRICAL,"true_groups 조합 (3, 58)이 dataset 내 유일(중복 없음) + 자기 §10 실질근거(['combustible_reducing', 'metal', 'water'])"
7803-65-8,AMMONIUM HYPOPHOSPHITE,wave2,DUPLICATE,wave2_expansion,58;60,,combustible_reducing;water,True,3,rank_4_of_4,0,NOT_CHECKED,False,MERGE_CANDIDATE,"동일 true_groups=(58, 60) 물질 4종 중 4순위 — 자기 §10 근거는 있으나 상위 대표물질과 중복, 통합 검토 대상"
127-95-7,POTASSIUM HYDROGEN OXALATE,wave2,REVIEW,wave2_expansion,59;61,,combustible_reducing;water,True,6,rank_3_of_7,0,NOT_CHECKED,False,MERGE_CANDIDATE,"동일 true_groups=(59, 61) 물질 7종 중 3순위 — 자기 §10 근거는 있으나 상위 대표물질과 중복, 통합 검토 대상"
1327-53-3,ARSENIC TRIOXIDE,wave2,REVIEW,wave2_expansion,59;60,,no_data,False,0,unique_signature_no_duplicate,0,NOT_CHECKED,False,REVIEW,"true_groups 조합 (59, 60)은 유일하나 §10 실질근거 없음(자료없음뿐) — group은 scarce 아님, 자동판정 보류"
140-08-9,TRIS(2-CHLOROETHYL)PHOSPHITE,wave2,REVIEW,wave2_expansion,31;59;66,,no_data,False,0,unique_signature_no_duplicate,0,NOT_CHECKED,False,REVIEW,"true_groups 조합 (31, 59, 66)은 유일하나 §10 실질근거 없음(자료없음뿐) — group은 scarce 아님, 자동판정 보류"
15283-51-9,FERROUS FLUOROBORATE,wave2,REVIEW,wave2_expansion,59;68,,no_data,False,0,unique_signature_no_duplicate,0,NOT_CHECKED,False,REVIEW,"true_groups 조합 (59, 68)은 유일하나 §10 실질근거 없음(자료없음뿐) — group은 scarce 아님, 자동판정 보류"
1758-73-2,THIOUREA DIOXIDE,wave2,REVIEW,wave2_expansion,5;12;59,,water,True,0,unique_signature_no_duplicate,0,NOT_CHECKED,False,KEEP_EMPIRICAL,"true_groups 조합 (5, 12, 59)이 dataset 내 유일(중복 없음) + 자기 §10 실질근거(['water'])"
301-13-3,TRIS(2-ETHYLHEXYL) PHOSPHITE,wave2,REVIEW,wave2_expansion,59;66,,combustible_reducing;water,True,1,rank_1_of_2,0,NOT_CHECKED,False,KEEP_EMPIRICAL,"동일 true_groups=(59, 66) 물질 2종 중 §10 근거 최상위(자기 근거 ['combustible_reducing', 'water'])"
516-03-0,FERROUS OXALATE,wave2,DUPLICATE,wave2_expansion,59;61,,combustible_reducing;water,True,6,rank_4_of_7,0,NOT_CHECKED,False,MERGE_CANDIDATE,"동일 true_groups=(59, 61) 물질 7종 중 4순위 — 자기 §10 근거는 있으나 상위 대표물질과 중복, 통합 검토 대상"
591-08-2,1-ACETYL-2-THIOUREA,wave2,REVIEW,wave2_expansion,12;59;64,,combustible_reducing;metal;water,True,0,unique_signature_no_duplicate,0,NOT_CHECKED,False,KEEP_EMPIRICAL,"true_groups 조합 (12, 59, 64)이 dataset 내 유일(중복 없음) + 자기 §10 실질근거(['combustible_reducing', 'metal', 'water'])"
62-76-0,SODIUM OXALATE,wave2,DUPLICATE,wave2_expansion,59;61,,combustible_reducing;water,True,6,rank_5_of_7,0,NOT_CHECKED,False,MERGE_CANDIDATE,"동일 true_groups=(59, 61) 물질 7종 중 5순위 — 자기 §10 근거는 있으나 상위 대표물질과 중복, 통합 검토 대상"
6487-48-5,POTASSIUM OXALATE MONOHYDRATE,wave2,DUPLICATE,wave2_expansion,59;61,,combustible_reducing;metal;water,True,6,rank_2_of_7,0,NOT_CHECKED,False,MERGE_CANDIDATE,"동일 true_groups=(59, 61) 물질 7종 중 2순위 — 자기 §10 근거는 있으나 상위 대표물질과 중복, 통합 검토 대상"
7681-11-0,POTASSIUM IODIDE,wave2,DUPLICATE,wave2_expansion,59;61,,combustible_reducing;water,True,6,rank_6_of_7,0,NOT_CHECKED,False,MERGE_CANDIDATE,"동일 true_groups=(59, 61) 물질 7종 중 6순위 — 자기 §10 근거는 있으나 상위 대표물질과 중복, 통합 검토 대상"
7782-42-5,GRAPHITE (NATURAL),wave2,REVIEW,wave2_expansion,33;59,,no_data,False,1,rank_2_of_2,0,NOT_CHECKED,False,REMOVE_CANDIDATE,"동일 true_groups=(33, 59) 물질 2종 중 2순위 + §10 실질근거 없음 — 제거해도 coverage 손실 없음"
998-40-3,TRIBUTYLPHOSPHANE,wave2,REVIEW,wave2_expansion,14;59,,water,True,0,unique_signature_no_duplicate,0,NOT_CHECKED,False,KEEP_EMPIRICAL,"true_groups 조합 (14, 59)이 dataset 내 유일(중복 없음) + 자기 §10 실질근거(['water'])"
108-95-2,"PHENOL SOLUTION, [AQUEOUS]",wave2,REVIEW,wave2_expansion,5;55;68,,metal,True,0,unique_signature_no_duplicate,0,NOT_CHECKED,False,KEEP_EMPIRICAL,"true_groups 조합 (5, 55, 68)이 dataset 내 유일(중복 없음) + 자기 §10 실질근거(['metal'])"
110-22-5,"ACETYL PEROXIDE SOLUTION, [&lt;= 25% PEROXIDE]",wave2,REVIEW,wave2_expansion,53;68,,combustible_reducing;water,True,2,rank_1_of_3,0,NOT_CHECKED,False,KEEP_EMPIRICAL,"동일 true_groups=(53, 68) 물질 3종 중 §10 근거 최상위(자기 근거 ['combustible_reducing', 'water'])"
117-80-6,DICHLONE,wave2,REVIEW,wave2_expansion,16;38;68,,combustible_reducing;metal;water,True,0,unique_signature_no_duplicate,0,NOT_CHECKED,False,KEEP_EMPIRICAL,"true_groups 조합 (16, 38, 68)이 dataset 내 유일(중복 없음) + 자기 §10 실질근거(['combustible_reducing', 'metal', 'water'])"
118-96-7,"TNT, WETTED WITH NOT LESS THAN 30% WATER",wave2,REVIEW,wave2_expansion,46;68,,no_data,False,3,rank_1_of_4,0,NOT_CHECKED,False,REVIEW,"동일 true_groups=(46, 68) 물질 4종 전부 §10 실질근거 없음 — 그중 1순위지만 근거 자체가 빈약"
1194-65-6,DICHLOBENIL,wave2,REVIEW,wave2_expansion,16;45;68,,combustible_reducing;water,True,0,unique_signature_no_duplicate,0,NOT_CHECKED,False,KEEP_EMPIRICAL,"true_groups 조합 (16, 45, 68)이 dataset 내 유일(중복 없음) + 자기 §10 실질근거(['combustible_reducing', 'water'])"
121-82-4,"CYCLOTRIMETHYLENE TRINITRAMINE, [DESENSITIZED]",wave2,REVIEW,wave2_expansion,17;46;68,,no_data,False,2,rank_2_of_3,0,NOT_CHECKED,False,REMOVE_CANDIDATE,"동일 true_groups=(17, 46, 68) 물질 3종 중 2순위 + §10 실질근거 없음 — 제거해도 coverage 손실 없음"
12262-58-7,"CYCLOHEXANONE PEROXIDE, NOT MORE THAN 72% IN SOLUTION",wave2,REVIEW,wave2_expansion,1;8;53;68,,combustible_reducing;water,True,1,rank_1_of_2,0,NOT_CHECKED,False,KEEP_EMPIRICAL,"동일 true_groups=(1, 8, 53, 68) 물질 2종 중 §10 근거 최상위(자기 근거 ['combustible_reducing', 'water'])"
124-09-4,"HEXAMETHYLENEDIAMINE, SOLID",wave2,REVIEW,wave2_expansion,14;68,,metal,True,0,unique_signature_no_duplicate,0,NOT_CHECKED,False,KEEP_EMPIRICAL,"true_groups 조합 (14, 68)이 dataset 내 유일(중복 없음) + 자기 §10 실질근거(['metal'])"
128-03-0,POTASSIUM DIMETHYLDITHIOCARBAMATE,wave2,REVIEW,wave2_expansion,67;68,,no_data,False,2,rank_1_of_3,0,NOT_CHECKED,False,REVIEW,"동일 true_groups=(67, 68) 물질 3종 전부 §10 실질근거 없음 — 그중 1순위지만 근거 자체가 빈약"
131-74-8,"AMMONIUM PICRATE, WETTED WITH NOT LESS THAN 10% WATER",wave2,REVIEW,wave2_expansion,46;54;60;68,,no_data,False,0,unique_signature_no_duplicate,0,NOT_CHECKED,False,REVIEW,"true_groups 조합 (46, 54, 60, 68)은 유일하나 §10 실질근거 없음(자료없음뿐) — group은 scarce 아님, 자동판정 보류"
1310-65-2,"LITHIUM HYDROXIDE, SOLUTION",wave2,REVIEW,wave2_expansion,18;68,,combustible_reducing;metal;water,True,4,rank_2_of_5,0,NOT_CHECKED,False,MERGE_CANDIDATE,"동일 true_groups=(18, 68) 물질 5종 중 2순위 — 자기 §10 근거는 있으나 상위 대표물질과 중복, 통합 검토 대상"
1310-82-3,RUBIDIUM HYDROXIDE,wave2,DUPLICATE,wave2_expansion,18;68,,combustible_reducing;metal;water,True,4,rank_3_of_5,0,NOT_CHECKED,False,MERGE_CANDIDATE,"동일 true_groups=(18, 68) 물질 5종 중 3순위 — 자기 §10 근거는 있으나 상위 대표물질과 중복, 통합 검토 대상"
1312-73-8,"POTASSIUM SULFIDE, HYDRATED, WITH NOT LESS THAN 30% WATER OF CRYSTALLIZATION",wave2,REVIEW,wave2_expansion,63;68,,water,True,0,unique_signature_no_duplicate,0,NOT_CHECKED,False,KEEP_EMPIRICAL,"true_groups 조합 (63, 68)이 dataset 내 유일(중복 없음) + 자기 §10 실질근거(['water'])"
1341-49-7,"AMMONIUM BIFLUORIDE, SOLID",wave2,REVIEW,wave2_expansion,29;60;68,,combustible_reducing;metal;water,True,2,rank_2_of_3,0,NOT_CHECKED,False,MERGE_CANDIDATE,"동일 true_groups=(29, 60, 68) 물질 3종 중 2순위 — 자기 §10 근거는 있으나 상위 대표물질과 중복, 통합 검토 대상"
137-41-7,POTASSIUM N-METHYLDITHIOCARBAMATE,wave2,DUPLICATE,wave2_expansion,67;68,,no_data,False,2,rank_2_of_3,0,NOT_CHECKED,False,REMOVE_CANDIDATE,"동일 true_groups=(67, 68) 물질 3종 중 2순위 + §10 실질근거 없음 — 제거해도 coverage 손실 없음"
137-42-8,"METAM SODIUM (COMPOUNDS, WEED, KILLING, LIQUID)",wave2,DUPLICATE,wave2_expansion,67;68,,no_data,False,2,rank_3_of_3,0,NOT_CHECKED,False,REMOVE_CANDIDATE,"동일 true_groups=(67, 68) 물질 3종 중 3순위 + §10 실질근거 없음 — 제거해도 coverage 손실 없음"
13780-03-5,"CALCIUM HYDROGEN SULFITE, SOLUTION",wave2,REVIEW,wave2_expansion,65;68,,combustible_reducing;water,True,3,rank_3_of_4,0,NOT_CHECKED,False,MERGE_CANDIDATE,"동일 true_groups=(65, 68) 물질 4종 중 3순위 — 자기 §10 근거는 있으나 상위 대표물질과 중복, 통합 검토 대상"
13814-96-5,LEAD FLUOBORATE,wave2,REVIEW,wave2_expansion,47;68,,combustible_reducing;metal;water,True,2,rank_1_of_3,0,NOT_CHECKED,False,KEEP_EMPIRICAL,"동일 true_groups=(47, 68) 물질 3종 중 §10 근거 최상위(자기 근거 ['combustible_reducing', 'metal', 'water'])"
13826-88-5,ZINC FLUOROBORATE,wave2,REVIEW,wave2_expansion,60;68,,combustible_reducing;metal;water,True,5,rank_1_of_6,0,NOT_CHECKED,False,KEEP_EMPIRICAL,"동일 true_groups=(60, 68) 물질 6종 중 §10 근거 최상위(자기 근거 ['combustible_reducing', 'metal', 'water'])"
14486-19-2,CADMIUM FLUOROBORATE,wave2,DUPLICATE,wave2_expansion,60;68,,combustible_reducing;metal;water,True,5,rank_2_of_6,0,NOT_CHECKED,False,MERGE_CANDIDATE,"동일 true_groups=(60, 68) 물질 6종 중 2순위 — 자기 §10 근거는 있으나 상위 대표물질과 중복, 통합 검토 대상"
14708-14-6,NICKEL FLUOROBORATE,wave2,DUPLICATE,wave2_expansion,47;68,,combustible_reducing;metal;water,True,2,rank_2_of_3,0,NOT_CHECKED,False,MERGE_CANDIDATE,"동일 true_groups=(47, 68) 물질 3종 중 2순위 — 자기 §10 근거는 있으나 상위 대표물질과 중복, 통합 검토 대상"
151-50-8,POTASSIUM CYANIDE,wave2,REVIEW,wave2_expansion,19;24;68,,metal;water,True,1,rank_2_of_2,0,NOT_CHECKED,False,MERGE_CANDIDATE,"동일 true_groups=(19, 24, 68) 물질 2종 중 2순위 — 자기 §10 근거는 있으나 상위 대표물질과 중복, 통합 검토 대상"
15245-44-0,"LEAD STYPHNATE, [WETTED WITH &gt;= 20 % WATER OR MIXTURE OF ALCOHOL AND WATER]",wave2,REVIEW,wave2_expansion,46;54;68,,no_data,False,0,unique_signature_no_duplicate,0,NOT_CHECKED,False,REVIEW,"true_groups 조합 (46, 54, 68)은 유일하나 §10 실질근거 없음(자료없음뿐) — group은 scarce 아님, 자동판정 보류"
15825-70-4,"MANITOL HEXANITRATE, [WET WITH &gt;= 40 % WATER OR MIXTURE OF ALCOHOL AND WATER]",wave2,DUPLICATE,wave2_expansion,46;68,,no_data,False,3,rank_2_of_4,0,NOT_CHECKED,False,REMOVE_CANDIDATE,"동일 true_groups=(46, 68) 물질 4종 중 2순위 + §10 실질근거 없음 — 제거해도 coverage 손실 없음"
16721-80-5,"SODIUM HYDROSULFIDE, SOLID, WITH LESS THAN 25% WATER OF CRYSTALLIZATION",wave2,REVIEW,wave2_expansion,19;63;68,,combustible_reducing;metal;water,True,1,rank_1_of_2,0,NOT_CHECKED,False,KEEP_EMPIRICAL,"동일 true_groups=(19, 63, 68) 물질 2종 중 §10 근거 최상위(자기 근거 ['combustible_reducing', 'metal', 'water'])"
16940-81-1,HEXAFLUOROPHOSPHORIC ACID,wave2,REVIEW,wave2_expansion,3;29;68,,combustible_reducing;metal;water,True,1,rank_1_of_2,0,NOT_CHECKED,False,KEEP_EMPIRICAL,"동일 true_groups=(3, 29, 68) 물질 2종 중 §10 근거 최상위(자기 근거 ['combustible_reducing', 'metal', 'water'])"
16961-83-4,FLUOROSILICIC ACID,wave2,DUPLICATE,wave2_expansion,3;29;68,,combustible_reducing;metal;water,True,1,rank_2_of_2,0,NOT_CHECKED,False,MERGE_CANDIDATE,"동일 true_groups=(3, 29, 68) 물질 2종 중 2순위 — 자기 §10 근거는 있으나 상위 대표물질과 중복, 통합 검토 대상"
1854-26-8,DIMETHYLOLDIHYDROXYETHYLENEUREA,wave2,REVIEW,wave2_expansion,8;12;68,,combustible_reducing;water,True,0,unique_signature_no_duplicate,0,NOT_CHECKED,False,KEEP_EMPIRICAL,"true_groups 조합 (8, 12, 68)이 dataset 내 유일(중복 없음) + 자기 §10 실질근거(['combustible_reducing', 'water'])"
18810-58-7,"BARIUM AZIDE, WETTED WITH NOT LESS THAN 50% WATER",wave2,REVIEW,wave2_expansion,17;68,,no_data,False,0,unique_signature_no_duplicate,0,NOT_CHECKED,False,REVIEW,"true_groups 조합 (17, 68)은 유일하나 §10 실질근거 없음(자료없음뿐) — group은 scarce 아님, 자동판정 보류"
1918-00-9,DICAMBA,wave2,REVIEW,wave2_expansion,2;16;28;68,,combustible_reducing;water,True,0,unique_signature_no_duplicate,0,NOT_CHECKED,False,KEEP_EMPIRICAL,"true_groups 조합 (2, 16, 28, 68)이 dataset 내 유일(중복 없음) + 자기 §10 실질근거(['combustible_reducing', 'water'])"
21351-79-1,CESIUM HYDROXIDE,wave2,DUPLICATE,wave2_expansion,18;68,,metal;water,True,4,rank_5_of_5,0,NOT_CHECKED,False,MERGE_CANDIDATE,"동일 true_groups=(18, 68) 물질 5종 중 5순위 — 자기 §10 근거는 있으나 상위 대표물질과 중복, 통합 검토 대상"
2217-06-3,"DIPICRYL SULFIDE, WETTED WITH NOT LESS THAN 10% WATER",wave2,REVIEW,wave2_expansion,46;64;68,,no_data,False,0,unique_signature_no_duplicate,0,NOT_CHECKED,False,REVIEW,"true_groups 조합 (46, 64, 68)은 유일하나 §10 실질근거 없음(자료없음뿐) — group은 scarce 아님, 자동판정 보류"
22397-33-7,"3,3,6,6,9,9-HEXAMETHYL-1,2,4,5-TETRAOXACYCLONONANE",wave2,DUPLICATE,wave2_expansion,53;68,,no_data,False,2,rank_3_of_3,0,NOT_CHECKED,False,REMOVE_CANDIDATE,"동일 true_groups=(53, 68) 물질 3종 중 3순위 + §10 실질근거 없음 — 제거해도 coverage 손실 없음"
2492-26-4,SODIUM 2-MERCAPTOBENZOTHIAZOL SOLUTION,wave2,REVIEW,wave2_expansion,17;64;68,,combustible_reducing;water,True,0,unique_signature_no_duplicate,0,NOT_CHECKED,False,KEEP_EMPIRICAL,"true_groups 조합 (17, 64, 68)이 dataset 내 유일(중복 없음) + 자기 §10 실질근거(['combustible_reducing', 'water'])"
25167-32-2,DODECYL DIPHENYL ETHER DISULFONATE SOLUTION,wave2,REVIEW,wave2_expansion,28;61;66;68,,combustible_reducing;water,True,0,unique_signature_no_duplicate,0,NOT_CHECKED,False,KEEP_EMPIRICAL,"true_groups 조합 (28, 61, 66, 68)이 dataset 내 유일(중복 없음) + 자기 §10 실질근거(['combustible_reducing', 'water'])"
25550-58-7,"DINITROPHENOL, SOLUTION",wave2,REVIEW,wave2_expansion,46;55;68,,no_data,False,2,rank_1_of_3,0,NOT_CHECKED,False,REVIEW,"동일 true_groups=(46, 55, 68) 물질 3종 전부 §10 실질근거 없음 — 그중 1순위지만 근거 자체가 빈약"
2691-41-0,"CYCLOTETRAMETHYLENE TETRANITRAMINE, [WET WITH &gt;= 10% WATER]",wave2,DUPLICATE,wave2_expansion,17;46;68,,no_data,False,2,rank_3_of_3,0,NOT_CHECKED,False,REMOVE_CANDIDATE,"동일 true_groups=(17, 46, 68) 물질 3종 중 3순위 + §10 실질근거 없음 — 제거해도 coverage 손실 없음"
298-12-4,GLYOXYLIC ACID (50% OR LESS),wave2,REVIEW,wave2_expansion,2;68,,combustible_reducing;metal;water,True,1,rank_1_of_2,0,NOT_CHECKED,False,KEEP_EMPIRICAL,"동일 true_groups=(2, 68) 물질 2종 중 §10 근거 최상위(자기 근거 ['combustible_reducing', 'metal', 'water'])"
3025-88-5,"2,5-DIMETHYL-2,5-DIHYDROPEROXY HEXANE, NOT MORE THAN 82% WITH WATER",wave2,DUPLICATE,wave2_expansion,53;68,,combustible_reducing;water,True,2,rank_2_of_3,0,NOT_CHECKED,False,MERGE_CANDIDATE,"동일 true_groups=(53, 68) 물질 3종 중 2순위 — 자기 §10 근거는 있으나 상위 대표물질과 중복, 통합 검토 대상"
38465-60-0,COPPER FLUOROBORATE,wave2,DUPLICATE,wave2_expansion,47;68,,combustible_reducing;metal;water,True,2,rank_3_of_3,0,NOT_CHECKED,False,MERGE_CANDIDATE,"동일 true_groups=(47, 68) 물질 3종 중 3순위 — 자기 §10 근거는 있으나 상위 대표물질과 중복, 통합 검토 대상"
50-00-0,FORMALDEHYDE,wave2,REVIEW,wave2_expansion,9;56;68,,no_data,False,0,unique_signature_no_duplicate,0,NOT_CHECKED,False,REVIEW,"true_groups 조합 (9, 56, 68)은 유일하나 §10 실질근거 없음(자료없음뿐) — group은 scarce 아님, 자동판정 보류"
50-99-7,DEXTROSE SOLUTION,wave2,REVIEW,wave2_expansion,8;68,,combustible_reducing;water,True,0,unique_signature_no_duplicate,0,NOT_CHECKED,False,KEEP_EMPIRICAL,"true_groups 조합 (8, 68)이 dataset 내 유일(중복 없음) + 자기 §10 실질근거(['combustible_reducing', 'water'])"
545-55-1,TRIS(1-AZIRIDINYL) PHOSPHINE OXIDE,wave2,REVIEW,wave2_expansion,26;27;56;68,,,False,0,unique_signature_no_duplicate,0,NOT_CHECKED,False,REVIEW,"true_groups 조합 (26, 27, 56, 68)은 유일하나 §10 실질근거 없음(자료없음뿐) — group은 scarce 아님, 자동판정 보류"
556-88-7,"NITROGUANIDINE, WETTED WITH NOT LESS THAN 20% WATER",wave2,REVIEW,wave2_expansion,14;17;46;68,,no_data,False,0,unique_signature_no_duplicate,0,NOT_CHECKED,False,REVIEW,"true_groups 조합 (14, 17, 46, 68)은 유일하나 §10 실질근거 없음(자료없음뿐) — group은 scarce 아님, 자동판정 보류"
57-12-5,"CYANIDE SOLUTION, N.O.S.",wave2,REVIEW,wave2_expansion,24;68,,no_data,False,1,rank_1_of_2,0,NOT_CHECKED,False,REVIEW,"동일 true_groups=(24, 68) 물질 2종 전부 §10 실질근거 없음 — 그중 1순위지만 근거 자체가 빈약"
628-86-4,"MERCURY FULMINATE, [WET]",wave2,DUPLICATE,wave2_expansion,24;68,,no_data,False,1,rank_2_of_2,0,NOT_CHECKED,False,REMOVE_CANDIDATE,"동일 true_groups=(24, 68) 물질 2종 중 2순위 + §10 실질근거 없음 — 제거해도 coverage 손실 없음"
63868-82-6,ZIRCONIUM PICRAMATE,wave2,REVIEW,wave2_expansion,13;46;54;68,,no_data,False,1,rank_1_of_2,0,NOT_CHECKED,False,REVIEW,"동일 true_groups=(13, 46, 54, 68) 물질 2종 전부 §10 실질근거 없음 — 그중 1순위지만 근거 자체가 빈약"
6484-52-2,AMMONIUM NITRATE,wave2,REVIEW,wave2_expansion,12;19;43;60;68,,combustible_reducing;water,True,0,unique_signature_no_duplicate,0,NOT_CHECKED,False,KEEP_EMPIRICAL,"true_groups 조합 (12, 19, 43, 60, 68)이 dataset 내 유일(중복 없음) + 자기 §10 실질근거(['combustible_reducing', 'water'])"
65-30-5,"NICOTINE SULFATE, SOLID",wave2,DUPLICATE,wave2_expansion,60;68,,no_data,False,5,rank_6_of_6,0,NOT_CHECKED,False,REMOVE_CANDIDATE,"동일 true_groups=(60, 68) 물질 6종 중 6순위 + §10 실질근거 없음 — 제거해도 coverage 손실 없음"
7446-70-0,"ALUMINUM CHLORIDE, ANHYDROUS",wave2,REVIEW,wave2_expansion,3;32;68,,combustible_reducing;metal;water,True,0,unique_signature_no_duplicate,0,NOT_CHECKED,False,KEEP_EMPIRICAL,"true_groups 조합 (3, 32, 68)이 dataset 내 유일(중복 없음) + 자기 §10 실질근거(['combustible_reducing', 'metal', 'water'])"
76-03-9,TRICHLOROACETIC ACID,wave2,REVIEW,wave2_expansion,2;31;68,,metal,True,1,rank_1_of_2,0,NOT_CHECKED,False,KEEP_EMPIRICAL,"동일 true_groups=(2, 31, 68) 물질 2종 중 §10 근거 최상위(자기 근거 ['metal'])"
7631-90-5,SODIUM BISULFITE,wave2,DUPLICATE,wave2_expansion,65;68,,combustible_reducing;metal;water,True,3,rank_2_of_4,0,NOT_CHECKED,False,MERGE_CANDIDATE,"동일 true_groups=(65, 68) 물질 4종 중 2순위 — 자기 §10 근거는 있으나 상위 대표물질과 중복, 통합 검토 대상"
7632-00-0,SODIUM NITRITE,wave2,REVIEW,wave2_expansion,43;68,,combustible_reducing;water,True,0,unique_signature_no_duplicate,0,NOT_CHECKED,False,KEEP_EMPIRICAL,"true_groups 조합 (43, 68)이 dataset 내 유일(중복 없음) + 자기 §10 실질근거(['combustible_reducing', 'water'])"
7646-85-7,"ZINC CHLORIDE, ANHYDROUS",wave2,REVIEW,wave2_expansion,3;68,,combustible_reducing;metal;water,True,2,rank_1_of_3,0,NOT_CHECKED,False,KEEP_EMPIRICAL,"동일 true_groups=(3, 68) 물질 3종 중 §10 근거 최상위(자기 근거 ['combustible_reducing', 'metal', 'water'])"
7681-38-1,"SODIUM BISULFATE, SOLID",wave2,DUPLICATE,wave2_expansion,60;68,,combustible_reducing;metal;water,True,5,rank_3_of_6,0,NOT_CHECKED,False,MERGE_CANDIDATE,"동일 true_groups=(60, 68) 물질 6종 중 3순위 — 자기 §10 근거는 있으나 상위 대표물질과 중복, 통합 검토 대상"
7681-49-4,SODIUM FLUORIDE,wave2,REVIEW,wave2_expansion,61;68,,combustible_reducing;metal;water,True,2,rank_1_of_3,0,NOT_CHECKED,False,KEEP_EMPIRICAL,"동일 true_groups=(61, 68) 물질 3종 중 §10 근거 최상위(자기 근거 ['combustible_reducing', 'metal', 'water'])"
7773-03-7,POTASSIUM BISULFITE SOLUTION,wave2,DUPLICATE,wave2_expansion,65;68,,water,True,3,rank_4_of_4,0,NOT_CHECKED,False,MERGE_CANDIDATE,"동일 true_groups=(65, 68) 물질 4종 중 4순위 — 자기 §10 근거는 있으나 상위 대표물질과 중복, 통합 검토 대상"
7783-18-8,AMMONIUM THIOSULFATE,wave2,REVIEW,wave2_expansion,60;65;68,,combustible_reducing;water,True,1,rank_2_of_2,0,NOT_CHECKED,False,MERGE_CANDIDATE,"동일 true_groups=(60, 65, 68) 물질 2종 중 2순위 — 자기 §10 근거는 있으나 상위 대표물질과 중복, 통합 검토 대상"
7784-30-7,"ALUMINUM PHOSPHATE, SOLUTION",wave2,DUPLICATE,wave2_expansion,60;68,,combustible_reducing;metal;water,True,5,rank_4_of_6,0,NOT_CHECKED,False,MERGE_CANDIDATE,"동일 true_groups=(60, 68) 물질 6종 중 4순위 — 자기 §10 근거는 있으나 상위 대표물질과 중복, 통합 검토 대상"
7784-46-5,"SODIUM ARSENITE, AQUEOUS SOLUTION",wave2,DUPLICATE,wave2_expansion,61;68,,no_data,False,2,rank_3_of_3,0,NOT_CHECKED,False,REMOVE_CANDIDATE,"동일 true_groups=(61, 68) 물질 3종 중 3순위 + §10 실질근거 없음 — 제거해도 coverage 손실 없음"
7788-97-8,"CHROMIC FLUORIDE, SOLID",wave2,DUPLICATE,wave2_expansion,61;68,,combustible_reducing;metal;water,True,2,rank_2_of_3,0,NOT_CHECKED,False,MERGE_CANDIDATE,"동일 true_groups=(61, 68) 물질 3종 중 2순위 — 자기 §10 근거는 있으나 상위 대표물질과 중복, 통합 검토 대상"
7789-29-9,POTASSIUM BIFLUORIDE,wave2,DUPLICATE,wave2_expansion,29;60;68,,combustible_reducing;metal;water,True,2,rank_3_of_3,0,NOT_CHECKED,False,MERGE_CANDIDATE,"동일 true_groups=(29, 60, 68) 물질 3종 중 3순위 — 자기 §10 근거는 있으나 상위 대표물질과 중복, 통합 검토 대상"
78-11-5,PENTAERYTHRITE TETRANITRATE,wave2,DUPLICATE,wave2_expansion,46;68,,,False,3,rank_3_of_4,0,NOT_CHECKED,False,REMOVE_CANDIDATE,"동일 true_groups=(46, 68) 물질 4종 중 3순위 + §10 실질근거 없음 — 제거해도 coverage 손실 없음"
78-18-2,1-HYDROXY-1&#39;-HYDROPEROXY DICYCLOHEXYL PEROXIDE,wave2,DUPLICATE,wave2_expansion,1;8;53;68,,combustible_reducing;water,True,1,rank_2_of_2,0,NOT_CHECKED,False,MERGE_CANDIDATE,"동일 true_groups=(1, 8, 53, 68) 물질 2종 중 2순위 — 자기 §10 근거는 있으나 상위 대표물질과 중복, 통합 검토 대상"
79-06-1,ACRYLAMIDE,wave2,REVIEW,wave2_expansion,6;12;56;68,,metal,True,0,unique_signature_no_duplicate,0,NOT_CHECKED,False,KEEP_EMPIRICAL,"true_groups 조합 (6, 12, 56, 68)이 dataset 내 유일(중복 없음) + 자기 §10 실질근거(['metal'])"
79-08-3,BROMOACETIC ACID,wave2,DUPLICATE,wave2_expansion,2;31;68,,no_data,False,1,rank_2_of_2,0,NOT_CHECKED,False,REMOVE_CANDIDATE,"동일 true_groups=(2, 31, 68) 물질 2종 중 2순위 + §10 실질근거 없음 — 제거해도 coverage 손실 없음"
82-71-3,TRINITRORESORCINOL,wave2,DUPLICATE,wave2_expansion,46;55;68,,no_data,False,2,rank_2_of_3,0,NOT_CHECKED,False,REMOVE_CANDIDATE,"동일 true_groups=(46, 55, 68) 물질 3종 중 2순위 + §10 실질근거 없음 — 제거해도 coverage 손실 없음"
831-52-7,SODIUM PICRAMATE,wave2,DUPLICATE,wave2_expansion,13;46;54;68,,no_data,False,1,rank_2_of_2,0,NOT_CHECKED,False,REMOVE_CANDIDATE,"동일 true_groups=(13, 46, 54, 68) 물질 2종 중 2순위 + §10 실질근거 없음 — 제거해도 coverage 손실 없음"
88-89-1,"PICRIC ACID, WETTED WITH NOT LESS THAN 30% WATER BY MASS",wave2,DUPLICATE,wave2_expansion,46;55;68,,no_data,False,2,rank_3_of_3,0,NOT_CHECKED,False,REMOVE_CANDIDATE,"동일 true_groups=(46, 55, 68) 물질 3종 중 3순위 + §10 실질근거 없음 — 제거해도 coverage 손실 없음"
924-42-5,N-METHYLOLACRYLAMIDE,wave2,REVIEW,wave2_expansion,6;8;12;56;68,,combustible_reducing;water,True,0,unique_signature_no_duplicate,0,NOT_CHECKED,False,KEEP_EMPIRICAL,"true_groups 조합 (6, 8, 12, 56, 68)이 dataset 내 유일(중복 없음) + 자기 §10 실질근거(['combustible_reducing', 'water'])"
96-91-3,"2-AMINO-4,6-DINITROPHENOL",wave2,REVIEW,wave2_expansion,13;46;55;68,,no_data,False,0,unique_signature_no_duplicate,0,NOT_CHECKED,False,REVIEW,"true_groups 조합 (13, 46, 55, 68)은 유일하나 §10 실질근거 없음(자료없음뿐) — group은 scarce 아님, 자동판정 보류"
99-35-4,"TRINITROBENZENE, WETTED WITH NOT LESS THAN 30% WATER",wave2,DUPLICATE,wave2_expansion,46;68,,no_data,False,3,rank_4_of_4,0,NOT_CHECKED,False,REMOVE_CANDIDATE,"동일 true_groups=(46, 68) 물질 4종 중 4순위 + §10 실질근거 없음 — 제거해도 coverage 손실 없음"
