cas_number,name_ko,name_en,core_category,kosha_status,checked_at,check_method,name_search_hits
7439-99-8,넵투늄,Neptunium,periodic_element,unlisted,2026-08-22,getChemList searchCnd=1(CAS)/0(국문명·영문명) 전부 0건,
10028-14-5,노벨륨,Nobelium,periodic_element,unlisted,2026-08-22,getChemList searchCnd=1(CAS)/0(국문명·영문명) 전부 0건,
54084-70-7,니호늄,Nihonium,periodic_element,unlisted,2026-08-22,getChemList searchCnd=1(CAS)/0(국문명·영문명) 전부 0건,
54083-77-1,다름슈타튬,Darmstadtium,periodic_element,unlisted,2026-08-22,getChemList searchCnd=1(CAS)/0(국문명·영문명) 전부 0건,
53850-35-4,더브늄,Dubnium,periodic_element,unlisted,2026-08-22,getChemList searchCnd=1(CAS)/0(국문명·영문명) 전부 0건,
7440-14-4,라듐,Radium,periodic_element,unlisted,2026-08-22,getChemList searchCnd=1(CAS)/0(국문명·영문명) 전부 0건,라듐->10102-05-3=팔라듐 질산 염(001420)|라듐->12125-22-3=파라듐 모노설파이드(039375)|라듐->13782-33-7=디아민 디클로로파라듐(025398)|라듐->28068-05-5=디아민 팔라듐-II-질산(025394)|라듐->7440-05-3=팔라듐(PALLADIUM)(015285)|라듐->13601-08-6=테트라아민팔라듐 디니트레이트(003879)|라듐->7647-10-1=팔라듐 염화물(PALLADIUM CHLORIDE)(015663)|라듐->7790-38-7=팔라듐 요오드화물(PALLADIUM IODIDE)(016103)|라듐->13566-03-5=팔라듐(II) 황산염(PALLADIUM(II) SULFATE)(003849)|라듐->1314-08-5=팔라듐 산화물 (PDO)(PALLADIUM OXIDE (PDO))(003456)|라듐->14323-43-4=디아민디클로로팔라듐(DIAMMINEDICHLOROPALLADIUM)(004256)|라듐->13820-40-1=암모늄 사염화파라듐산염(AMMONIUM TETRACHLOROPALLADATE)(003988)
53850-36-5,러더포듐,Rutherfordium,periodic_element,unlisted,2026-08-22,getChemList searchCnd=1(CAS)/0(국문명·영문명) 전부 0건,
22537-19-5,로렌슘,Lawrencium,periodic_element,unlisted,2026-08-22,getChemList searchCnd=1(CAS)/0(국문명·영문명) 전부 0건,
54386-24-2,뢴트게늄,Roentgenium,periodic_element,unlisted,2026-08-22,getChemList searchCnd=1(CAS)/0(국문명·영문명) 전부 0건,
7439-94-3,루테튬,Lutetium,periodic_element,unlisted,2026-08-22,getChemList searchCnd=1(CAS)/0(국문명·영문명) 전부 0건,루테튬->12032-20-1=산화 루테튬(002774)|루테튬->10099-66-8=염화 루테튬(LUTETIUM CHLORIDE)(001401)|Lutetium->12032-20-1=LUTETIUM OXIDE(002774)|Lutetium->15513-87-8=Lutetium triiodate(035646)|Lutetium->13760-81-1=Lutetium trifluoride(035645)|Lutetium->13813-45-1=Lutetium iodide (LuI3)(035638)|Lutetium->12005-94-6=Lutetium arsenide (LuAs)(035632)|Lutetium->10099-66-8=염화 루테튬(LUTETIUM CHLORIDE)(001401)|Lutetium->12163-21-2=Lutetium selenide (Lu2Se3)(035641)
54100-71-9,리버모륨,Livermorium,periodic_element,unlisted,2026-08-22,getChemList searchCnd=1(CAS)/0(국문명·영문명) 전부 0건,
54038-01-6,마이트너륨,Meitnerium,periodic_element,unlisted,2026-08-22,getChemList searchCnd=1(CAS)/0(국문명·영문명) 전부 0건,
7440-11-1,멘델레븀,Mendelevium,periodic_element,unlisted,2026-08-22,getChemList searchCnd=1(CAS)/0(국문명·영문명) 전부 0건,
54085-64-2,모스코븀,Moscovium,periodic_element,unlisted,2026-08-22,getChemList searchCnd=1(CAS)/0(국문명·영문명) 전부 0건,
7440-40-6,버클륨,Berkelium,periodic_element,unlisted,2026-08-22,getChemList searchCnd=1(CAS)/0(국문명·영문명) 전부 0건,
54037-14-8,보륨,Bohrium,periodic_element,unlisted,2026-08-22,getChemList searchCnd=1(CAS)/0(국문명·영문명) 전부 0건,
54038-81-2,시보귬,Seaborgium,periodic_element,unlisted,2026-08-22,getChemList searchCnd=1(CAS)/0(국문명·영문명) 전부 0건,
7440-35-9,아메리슘,Americium,periodic_element,unlisted,2026-08-22,getChemList searchCnd=1(CAS)/0(국문명·영문명) 전부 0건,
7440-68-8,아스타틴,Astatine,periodic_element,unlisted,2026-08-22,getChemList searchCnd=1(CAS)/0(국문명·영문명) 전부 0건,
7429-92-7,아인슈타이늄,Einsteinium,periodic_element,unlisted,2026-08-22,getChemList searchCnd=1(CAS)/0(국문명·영문명) 전부 0건,
7440-34-8,악티늄,Actinium,periodic_element,unlisted,2026-08-22,getChemList searchCnd=1(CAS)/0(국문명·영문명) 전부 0건,
7440-52-0,어븀,Erbium,periodic_element,unlisted,2026-08-22,getChemList searchCnd=1(CAS)/0(국문명·영문명) 전부 0건,Erbium->12738-76-0=TERBIUM OXIDE(003249)|Erbium->10168-80-6=Erbium nitrate(027686)|Erbium->7440-27-9=터븀(테르븀)(TERBIUM)(015300)|Erbium->12037-01-3=TERBIUM PEROXIDE(002791)|Erbium->12039-51-9=Terbium selenide(043305)|Erbium->13813-42-8=Erbium iodide ()(027685)|Erbium->14723-96-7=Erbium triiodate(027690)|Erbium->10043-27-3=Terbium trinitrate(428598)|Erbium->12006-12-1=Ytterbium arsenide(044824)|Erbium->7440-64-4=이터븀(이테르븀)(YTTERBIUM)(015333)|Erbium->12020-38-1=Dierbium triselenide(025737)|Erbium->13768-67-7=Ytterbium trinitrate(428521)|Erbium->6067-35-2=Dierbium tricarbonate(025736)|Erbium->13760-80-0=Ytterbium trifluoride(044838)|Erbium->13813-40-6=Terbium iodide (TbI3)(043302)|Erbium->12254-88-5=Erbium arsenide (ErAs)(027680)|Erbium->10138-41-7=염화 에르븀(ERBIUM CHLORIDE)(001480)|Erbium->12006-08-5=Terbium arsenide (TbAs)(043298)|Erbium->12037-64-8=Terbium phosphide (TbP)(043304)|Erbium->13813-44-0=Ytterbium iodide (YbI3)(044829)
54144-19-3,오가네손,Oganesson,periodic_element,unlisted,2026-08-22,getChemList searchCnd=1(CAS)/0(국문명·영문명) 전부 0건,
7440-71-3,캘리포늄,Californium,periodic_element,unlisted,2026-08-22,getChemList searchCnd=1(CAS)/0(국문명·영문명) 전부 0건,
54084-26-3,코페르니슘,Copernicium,periodic_element,unlisted,2026-08-22,getChemList searchCnd=1(CAS)/0(국문명·영문명) 전부 0건,
7440-51-9,퀴륨,Curium,periodic_element,unlisted,2026-08-22,getChemList searchCnd=1(CAS)/0(국문명·영문명) 전부 0건,
87658-56-8,테네신,Tennessine,periodic_element,unlisted,2026-08-22,getChemList searchCnd=1(CAS)/0(국문명·영문명) 전부 0건,
7440-26-8,테크네튬,Technetium,periodic_element,unlisted,2026-08-22,getChemList searchCnd=1(CAS)/0(국문명·영문명) 전부 0건,
7440-30-4,툴륨,Thulium,periodic_element,unlisted,2026-08-22,getChemList searchCnd=1(CAS)/0(국문명·영문명) 전부 0건,"툴륨->12036-44-1=산화 툴륨(002789)|Thulium->12036-44-1=THULIUM OXIDE(002789)|Thulium->14985-19-4=THULIUM NITRATE(004446)|Thulium->1311-33-7=Thulium trihydroxide(043762)|Thulium->13760-79-7=플루오린화 톨륨(플루오르화 톨륨)(THULIUM FLUORIDE)(003958)|Thulium->13537-18-3=톨륨 염화물, 무수물(THULIUM CHLORIDE, ANHYDROUS)(003835)"
7440-72-4,페르뮴,Fermium,periodic_element,unlisted,2026-08-22,getChemList searchCnd=1(CAS)/0(국문명·영문명) 전부 0건,
7440-08-6,폴로늄,Polonium,periodic_element,unlisted,2026-08-22,getChemList searchCnd=1(CAS)/0(국문명·영문명) 전부 0건,"폴로늄->13981-52-7=폴로늄, 아이소토프 OF MASS 210(POLONIUM, ISOTOPE OF MASS 210)(004065)|Polonium->15422-74-9=Polonium-218(134863)|Polonium->15735-67-8=Polonium-214(134864)|Polonium->13981-52-7=폴로늄, 아이소토프 OF MASS 210(POLONIUM, ISOTOPE OF MASS 210)(004065)"
7440-10-0,프라세오디뮴,Praseodymium,periodic_element,unlisted,2026-08-22,getChemList searchCnd=1(CAS)/0(국문명·영문명) 전부 0건,"프라세오디뮴->12036-32-7=프라세오디뮴 산화물(002787)|프라세오디뮴->10361-80-5=프라세오디뮴 니트레이트(001655)|프라세오디뮴->12037-29-5=프라세오디뮴 산화물(PR6O11)(002792)|프라세오디뮴->10361-79-2=프라세오디뮴 염화물(PRASEODYMIUM CHLORIDE)(001654)|프라세오디뮴->13709-46-1=플루오린화 프라세오디뮴(플루오르화 프라세오디뮴)(PRASEODYMIUM FLUORIDE)(003925)|Praseodymium->10361-80-5=PRASEODYMIUM NITRATE(001655)|Praseodymium->12036-05-4=Praseodymium dioxide(040295)|Praseodymium->12038-08-3=Praseodymium selenide(040299)|Praseodymium->13813-23-5=Praseodymium iodide (PrI3)(040296)|Praseodymium->5895-45-4=Dipraseodymium tricarbonate(026990)|Praseodymium->12044-28-9=Praseodymium arsenide (PrAs)(040293)|Praseodymium->10361-79-2=프라세오디뮴 염화물(PRASEODYMIUM CHLORIDE)(001654)|Praseodymium->13709-46-1=플루오린화 프라세오디뮴(플루오르화 프라세오디뮴)(PRASEODYMIUM FLUORIDE)(003925)|Praseodymium->12036-32-7=프라세오디뮴 산화물<br/>( 관용명 : 프라세오디뮴 산화물 (PR2O3)(PRASEODYMIUM OXIDE (PR2O3)); )(002787)|Praseodymium->12037-29-5=프라세오디뮴 산화물(PR6O11)<br/>( 관용명 : 헥사프라세오디뮴 운데카산화물(HEXAPRASEODYMIUM UNDECAOXIDE); )(002792)|Praseodymium->101356-99-4=Cadmium oxide (CdO), solid soln. with calcium oxide and titanium oxide (TiO2), praseodymium-doped(432348)"
7440-73-5,프랑슘,Francium,periodic_element,unlisted,2026-08-22,getChemList searchCnd=1(CAS)/0(국문명·영문명) 전부 0건,
7440-12-2,프로메튬,Promethium,periodic_element,unlisted,2026-08-22,getChemList searchCnd=1(CAS)/0(국문명·영문명) 전부 0건,
7440-13-3,프로트악티늄,Protactinium,periodic_element,unlisted,2026-08-22,getChemList searchCnd=1(CAS)/0(국문명·영문명) 전부 0건,
54085-16-4,플레로븀,Flerovium,periodic_element,unlisted,2026-08-22,getChemList searchCnd=1(CAS)/0(국문명·영문명) 전부 0건,
7440-07-5,플루토늄,Plutonium,periodic_element,unlisted,2026-08-22,getChemList searchCnd=1(CAS)/0(국문명·영문명) 전부 0건,
54037-57-9,하슘,Hassium,periodic_element,unlisted,2026-08-22,getChemList searchCnd=1(CAS)/0(국문명·영문명) 전부 0건,
7440-60-0,홀뮴,Holmium,periodic_element,unlisted,2026-08-22,getChemList searchCnd=1(CAS)/0(국문명·영문명) 전부 0건,홀뮴->12055-62-8=산화 홀뮴(002826)|홀뮴->10168-82-8=홀뮴 니트레이트(001500)|홀뮴->10138-62-2=염화 홀뮴(HOLMIUM CHLORIDE)(001482)|Holmium->12055-62-8=HOLMIUM OXIDE(002826)|Holmium->10168-82-8=HOLMIUM NITRATE(001500)|Holmium->12029-87-7=Holmium selenide(033605)|Holmium->13813-41-7=Holmium iodide ()(033602)|Holmium->12162-60-6=Diholmium triselenide(025928)|Holmium->10138-62-2=염화 홀뮴(HOLMIUM CHLORIDE)(001482)|Holmium->12005-92-4=Holmium arsenide (HoAs)(033596)|Holmium->13760-78-6=Holmium fluoride (HoF3)(033599)
